Proposal,Proposal Type,Proposal Description,Line,Item,Item Type,Item Description,Item Description Subset,Quantity,Unit,Vendor Name,Unit Price,Extension,County,Date,Total Contract Amount,Latitude,Longitude
C204909,"MILLING, RESURFACING, AND SHOULDER RECONSTRUCTION.","1 SECTION OF NC-55, AND16 SECTIONS OF SECONDARY ROADS.",1,0000100000-N,ROADWAY ITEMS,MOBILIZATION,,1.0,LS,FSC II LLC DBA FRED SMITH COMPANY,130000.0,130000.0,WAKE,12/19/2023,2688337.0,35.8031909,-78.5660852
C204909,"MILLING, RESURFACING, AND SHOULDER RECONSTRUCTION.","1 SECTION OF NC-55, AND16 SECTIONS OF SECONDARY ROADS.",1,0000100000-N,ROADWAY ITEMS,MOBILIZATION,,1.0,LS,S T WOOTEN CORPORATION,145000.0,145000.0,WAKE,12/19/2023,2957990.0,35.8031909,-78.5660852
C204909,"MILLING, RESURFACING, AND SHOULDER RECONSTRUCTION.","1 SECTION OF NC-55, AND16 SECTIONS OF SECONDARY ROADS.",1,0000100000-N,ROADWAY ITEMS,MOBILIZATION,,1.0,LS,CAROLINA SUNROCK LLC,127300.0,127300.0,WAKE,12/19/2023,2974371.0,35.8031909,-78.5660852
C204909,"MILLING, RESURFACING, AND SHOULDER RECONSTRUCTION.","1 SECTION OF NC-55, AND16 SECTIONS OF SECONDARY ROADS.",1,0000100000-N,ROADWAY ITEMS,MOBILIZATION,,1.0,LS,BARNHILL CONTRACTING CO,155000.0,155000.0,WAKE,12/19/2023,3169509.0,35.8031909,-78.5660852
C204909,"MILLING, RESURFACING, AND SHOULDER RECONSTRUCTION.","1 SECTION OF NC-55, AND16 SECTIONS OF SECONDARY ROADS.",1,0000100000-N,ROADWAY ITEMS,MOBILIZATION,,1.0,LS,BLYTHE CONSTRUCTION INC,170000.0,170000.0,WAKE,12/19/2023,3599570.0,35.8031909,-78.5660852
C204909,"MILLING, RESURFACING, AND SHOULDER RECONSTRUCTION.","1 SECTION OF NC-55, AND16 SECTIONS OF SECONDARY ROADS.",2,1220000000-E,ROADWAY ITEMS,INCIDENTAL STONE BASE,,303.0,TON,FSC II LLC DBA FRED SMITH COMPANY,83.0,25149.0,WAKE,12/19/2023,2688337.0,35.8031909,-78.5660852
C204909,"MILLING, RESURFACING, AND SHOULDER RECONSTRUCTION.","1 SECTION OF NC-55, AND16 SECTIONS OF SECONDARY ROADS.",2,1220000000-E,ROADWAY ITEMS,INCIDENTAL STONE BASE,,303.0,TON,S T WOOTEN CORPORATION,67.75,20528.25,WAKE,12/19/2023,2957990.0,35.8031909,-78.5660852
C204909,"MILLING, RESURFACING, AND SHOULDER RECONSTRUCTION.","1 SECTION OF NC-55, AND16 SECTIONS OF SECONDARY ROADS.",2,1220000000-E,ROADWAY ITEMS,INCIDENTAL STONE BASE,,303.0,TON,CAROLINA SUNROCK LLC,77.0,23331.0,WAKE,12/19/2023,2974371.0,35.8031909,-78.5660852
C204909,"MILLING, RESURFACING, AND SHOULDER RECONSTRUCTION.","1 SECTION OF NC-55, AND16 SECTIONS OF SECONDARY ROADS.",2,1220000000-E,ROADWAY ITEMS,INCIDENTAL STONE BASE,,303.0,TON,BARNHILL CONTRACTING CO,82.0,24846.0,WAKE,12/19/2023,3169509.0,35.8031909,-78.5660852
C204909,"MILLING, RESURFACING, AND SHOULDER RECONSTRUCTION.","1 SECTION OF NC-55, AND16 SECTIONS OF SECONDARY ROADS.",2,1220000000-E,ROADWAY ITEMS,INCIDENTAL STONE BASE,,303.0,TON,BLYTHE CONSTRUCTION INC,60.0,18180.0,WAKE,12/19/2023,3599570.0,35.8031909,-78.5660852
C204909,"MILLING, RESURFACING, AND SHOULDER RECONSTRUCTION.","1 SECTION OF NC-55, AND16 SECTIONS OF SECONDARY ROADS.",3,1245000000-E,ROADWAY ITEMS,SHOULDER RECONSTRUCTION,,9.98,SMI,FSC II LLC DBA FRED SMITH COMPANY,2800.0,27944.0,WAKE,12/19/2023,2688337.0,35.8031909,-78.5660852
C204909,"MILLING, RESURFACING, AND SHOULDER RECONSTRUCTION.","1 SECTION OF NC-55, AND16 SECTIONS OF SECONDARY ROADS.",3,1245000000-E,ROADWAY ITEMS,SHOULDER RECONSTRUCTION,,9.98,SMI,S T WOOTEN CORPORATION,4650.0,46407.0,WAKE,12/19/2023,2957990.0,35.8031909,-78.5660852
C204909,"MILLING, RESURFACING, AND SHOULDER RECONSTRUCTION.","1 SECTION OF NC-55, AND16 SECTIONS OF SECONDARY ROADS.",3,1245000000-E,ROADWAY ITEMS,SHOULDER RECONSTRUCTION,,9.98,SMI,CAROLINA SUNROCK LLC,3785.0,37774.3,WAKE,12/19/2023,2974371.0,35.8031909,-78.5660852
C204909,"MILLING, RESURFACING, AND SHOULDER RECONSTRUCTION.","1 SECTION OF NC-55, AND16 SECTIONS OF SECONDARY ROADS.",3,1245000000-E,ROADWAY ITEMS,SHOULDER RECONSTRUCTION,,9.98,SMI,BARNHILL CONTRACTING CO,4850.0,48403.0,WAKE,12/19/2023,3169509.0,35.8031909,-78.5660852
C204909,"MILLING, RESURFACING, AND SHOULDER RECONSTRUCTION.","1 SECTION OF NC-55, AND16 SECTIONS OF SECONDARY ROADS.",3,1245000000-E,ROADWAY ITEMS,SHOULDER RECONSTRUCTION,,9.98,SMI,BLYTHE CONSTRUCTION INC,4500.0,44910.0,WAKE,12/19/2023,3599570.0,35.8031909,-78.5660852
C204909,"MILLING, RESURFACING, AND SHOULDER RECONSTRUCTION.","1 SECTION OF NC-55, AND16 SECTIONS OF SECONDARY ROADS.",4,1260000000-E,ROADWAY ITEMS,AGGREGATE SHOULDER BORROW,,923.0,TON,FSC II LLC DBA FRED SMITH COMPANY,36.0,33228.0,WAKE,12/19/2023,2688337.0,35.8031909,-78.5660852
C204909,"MILLING, RESURFACING, AND SHOULDER RECONSTRUCTION.","1 SECTION OF NC-55, AND16 SECTIONS OF SECONDARY ROADS.",4,1260000000-E,ROADWAY ITEMS,AGGREGATE SHOULDER BORROW,,923.0,TON,S T WOOTEN CORPORATION,28.5,26305.5,WAKE,12/19/2023,2957990.0,35.8031909,-78.5660852
C204909,"MILLING, RESURFACING, AND SHOULDER RECONSTRUCTION.","1 SECTION OF NC-55, AND16 SECTIONS OF SECONDARY ROADS.",4,1260000000-E,ROADWAY ITEMS,AGGREGATE SHOULDER BORROW,,923.0,TON,CAROLINA SUNROCK LLC,25.5,23536.5,WAKE,12/19/2023,2974371.0,35.8031909,-78.5660852
C204909,"MILLING, RESURFACING, AND SHOULDER RECONSTRUCTION.","1 SECTION OF NC-55, AND16 SECTIONS OF SECONDARY ROADS.",4,1260000000-E,ROADWAY ITEMS,AGGREGATE SHOULDER BORROW,,923.0,TON,BARNHILL CONTRACTING CO,27.5,25382.5,WAKE,12/19/2023,3169509.0,35.8031909,-78.5660852
C204909,"MILLING, RESURFACING, AND SHOULDER RECONSTRUCTION.","1 SECTION OF NC-55, AND16 SECTIONS OF SECONDARY ROADS.",4,1260000000-E,ROADWAY ITEMS,AGGREGATE SHOULDER BORROW,,923.0,TON,BLYTHE CONSTRUCTION INC,40.0,36920.0,WAKE,12/19/2023,3599570.0,35.8031909,-78.5660852
C204909,"MILLING, RESURFACING, AND SHOULDER RECONSTRUCTION.","1 SECTION OF NC-55, AND16 SECTIONS OF SECONDARY ROADS.",5,1297000000-E,ROADWAY ITEMS,"MILL ASP PVMT *****"" DTH","(1-1/2"")",67285.0,SY,FSC II LLC DBA FRED SMITH COMPANY,1.1,74013.5,WAKE,12/19/2023,2688337.0,35.8031909,-78.5660852
C204909,"MILLING, RESURFACING, AND SHOULDER RECONSTRUCTION.","1 SECTION OF NC-55, AND16 SECTIONS OF SECONDARY ROADS.",5,1297000000-E,ROADWAY ITEMS,"MILL ASP PVMT *****"" DTH","(1-1/2"")",67285.0,SY,S T WOOTEN CORPORATION,2.0,134570.0,WAKE,12/19/2023,2957990.0,35.8031909,-78.5660852
C204909,"MILLING, RESURFACING, AND SHOULDER RECONSTRUCTION.","1 SECTION OF NC-55, AND16 SECTIONS OF SECONDARY ROADS.",5,1297000000-E,ROADWAY ITEMS,"MILL ASP PVMT *****"" DTH","(1-1/2"")",67285.0,SY,CAROLINA SUNROCK LLC,2.2,148027.0,WAKE,12/19/2023,2974371.0,35.8031909,-78.5660852
C204909,"MILLING, RESURFACING, AND SHOULDER RECONSTRUCTION.","1 SECTION OF NC-55, AND16 SECTIONS OF SECONDARY ROADS.",5,1297000000-E,ROADWAY ITEMS,"MILL ASP PVMT *****"" DTH","(1-1/2"")",67285.0,SY,BARNHILL CONTRACTING CO,2.72,183015.2,WAKE,12/19/2023,3169509.0,35.8031909,-78.5660852
C204909,"MILLING, RESURFACING, AND SHOULDER RECONSTRUCTION.","1 SECTION OF NC-55, AND16 SECTIONS OF SECONDARY ROADS.",5,1297000000-E,ROADWAY ITEMS,"MILL ASP PVMT *****"" DTH","(1-1/2"")",67285.0,SY,BLYTHE CONSTRUCTION INC,3.0,201855.0,WAKE,12/19/2023,3599570.0,35.8031909,-78.5660852
C204909,"MILLING, RESURFACING, AND SHOULDER RECONSTRUCTION.","1 SECTION OF NC-55, AND16 SECTIONS OF SECONDARY ROADS.",6,1297000000-E,ROADWAY ITEMS,"MILL ASP PVMT *****"" DTH","(2"")",25858.0,SY,FSC II LLC DBA FRED SMITH COMPANY,1.15,29736.7,WAKE,12/19/2023,2688337.0,35.8031909,-78.5660852
C204909,"MILLING, RESURFACING, AND SHOULDER RECONSTRUCTION.","1 SECTION OF NC-55, AND16 SECTIONS OF SECONDARY ROADS.",6,1297000000-E,ROADWAY ITEMS,"MILL ASP PVMT *****"" DTH","(2"")",25858.0,SY,S T WOOTEN CORPORATION,2.3,59473.4,WAKE,12/19/2023,2957990.0,35.8031909,-78.5660852
C204909,"MILLING, RESURFACING, AND SHOULDER RECONSTRUCTION.","1 SECTION OF NC-55, AND16 SECTIONS OF SECONDARY ROADS.",6,1297000000-E,ROADWAY ITEMS,"MILL ASP PVMT *****"" DTH","(2"")",25858.0,SY,CAROLINA SUNROCK LLC,2.5,64645.0,WAKE,12/19/2023,2974371.0,35.8031909,-78.5660852
C204909,"MILLING, RESURFACING, AND SHOULDER RECONSTRUCTION.","1 SECTION OF NC-55, AND16 SECTIONS OF SECONDARY ROADS.",6,1297000000-E,ROADWAY ITEMS,"MILL ASP PVMT *****"" DTH","(2"")",25858.0,SY,BARNHILL CONTRACTING CO,3.67,94898.86,WAKE,12/19/2023,3169509.0,35.8031909,-78.5660852
C204909,"MILLING, RESURFACING, AND SHOULDER RECONSTRUCTION.","1 SECTION OF NC-55, AND16 SECTIONS OF SECONDARY ROADS.",6,1297000000-E,ROADWAY ITEMS,"MILL ASP PVMT *****"" DTH","(2"")",25858.0,SY,BLYTHE CONSTRUCTION INC,3.3,85331.4,WAKE,12/19/2023,3599570.0,35.8031909,-78.5660852
C204909,"MILLING, RESURFACING, AND SHOULDER RECONSTRUCTION.","1 SECTION OF NC-55, AND16 SECTIONS OF SECONDARY ROADS.",7,1330000000-E,ROADWAY ITEMS,INCIDENTAL MILLING,,13172.0,SY,FSC II LLC DBA FRED SMITH COMPANY,7.0,92204.0,WAKE,12/19/2023,2688337.0,35.8031909,-78.5660852
C204909,"MILLING, RESURFACING, AND SHOULDER RECONSTRUCTION.","1 SECTION OF NC-55, AND16 SECTIONS OF SECONDARY ROADS.",7,1330000000-E,ROADWAY ITEMS,INCIDENTAL MILLING,,13172.0,SY,S T WOOTEN CORPORATION,8.0,105376.0,WAKE,12/19/2023,2957990.0,35.8031909,-78.5660852
C204909,"MILLING, RESURFACING, AND SHOULDER RECONSTRUCTION.","1 SECTION OF NC-55, AND16 SECTIONS OF SECONDARY ROADS.",7,1330000000-E,ROADWAY ITEMS,INCIDENTAL MILLING,,13172.0,SY,CAROLINA SUNROCK LLC,8.4,110644.8,WAKE,12/19/2023,2974371.0,35.8031909,-78.5660852
C204909,"MILLING, RESURFACING, AND SHOULDER RECONSTRUCTION.","1 SECTION OF NC-55, AND16 SECTIONS OF SECONDARY ROADS.",7,1330000000-E,ROADWAY ITEMS,INCIDENTAL MILLING,,13172.0,SY,BARNHILL CONTRACTING CO,13.2,173870.4,WAKE,12/19/2023,3169509.0,35.8031909,-78.5660852
C204909,"MILLING, RESURFACING, AND SHOULDER RECONSTRUCTION.","1 SECTION OF NC-55, AND16 SECTIONS OF SECONDARY ROADS.",7,1330000000-E,ROADWAY ITEMS,INCIDENTAL MILLING,,13172.0,SY,BLYTHE CONSTRUCTION INC,11.4,150160.8,WAKE,12/19/2023,3599570.0,35.8031909,-78.5660852
C204909,"MILLING, RESURFACING, AND SHOULDER RECONSTRUCTION.","1 SECTION OF NC-55, AND16 SECTIONS OF SECONDARY ROADS.",8,1519000000-E,ROADWAY ITEMS,ASP CONC SURF CRS S9.5B,,11473.0,TON,FSC II LLC DBA FRED SMITH COMPANY,58.0,665434.0,WAKE,12/19/2023,2688337.0,35.8031909,-78.5660852
C204909,"MILLING, RESURFACING, AND SHOULDER RECONSTRUCTION.","1 SECTION OF NC-55, AND16 SECTIONS OF SECONDARY ROADS.",8,1519000000-E,ROADWAY ITEMS,ASP CONC SURF CRS S9.5B,,11473.0,TON,S T WOOTEN CORPORATION,73.25,840397.25,WAKE,12/19/2023,2957990.0,35.8031909,-78.5660852
C204909,"MILLING, RESURFACING, AND SHOULDER RECONSTRUCTION.","1 SECTION OF NC-55, AND16 SECTIONS OF SECONDARY ROADS.",8,1519000000-E,ROADWAY ITEMS,ASP CONC SURF CRS S9.5B,,11473.0,TON,CAROLINA SUNROCK LLC,63.6,729682.8,WAKE,12/19/2023,2974371.0,35.8031909,-78.5660852
C204909,"MILLING, RESURFACING, AND SHOULDER RECONSTRUCTION.","1 SECTION OF NC-55, AND16 SECTIONS OF SECONDARY ROADS.",8,1519000000-E,ROADWAY ITEMS,ASP CONC SURF CRS S9.5B,,11473.0,TON,BARNHILL CONTRACTING CO,72.4,830645.2,WAKE,12/19/2023,3169509.0,35.8031909,-78.5660852
C204909,"MILLING, RESURFACING, AND SHOULDER RECONSTRUCTION.","1 SECTION OF NC-55, AND16 SECTIONS OF SECONDARY ROADS.",8,1519000000-E,ROADWAY ITEMS,ASP CONC SURF CRS S9.5B,,11473.0,TON,BLYTHE CONSTRUCTION INC,72.0,826056.0,WAKE,12/19/2023,3599570.0,35.8031909,-78.5660852
C204909,"MILLING, RESURFACING, AND SHOULDER RECONSTRUCTION.","1 SECTION OF NC-55, AND16 SECTIONS OF SECONDARY ROADS.",9,1523000000-E,ROADWAY ITEMS,ASP CONC SURF CRS S9.5C,,3611.0,TON,FSC II LLC DBA FRED SMITH COMPANY,60.0,216660.0,WAKE,12/19/2023,2688337.0,35.8031909,-78.5660852
C204909,"MILLING, RESURFACING, AND SHOULDER RECONSTRUCTION.","1 SECTION OF NC-55, AND16 SECTIONS OF SECONDARY ROADS.",9,1523000000-E,ROADWAY ITEMS,ASP CONC SURF CRS S9.5C,,3611.0,TON,S T WOOTEN CORPORATION,82.5,297907.5,WAKE,12/19/2023,2957990.0,35.8031909,-78.5660852
C204909,"MILLING, RESURFACING, AND SHOULDER RECONSTRUCTION.","1 SECTION OF NC-55, AND16 SECTIONS OF SECONDARY ROADS.",9,1523000000-E,ROADWAY ITEMS,ASP CONC SURF CRS S9.5C,,3611.0,TON,CAROLINA SUNROCK LLC,77.5,279852.5,WAKE,12/19/2023,2974371.0,35.8031909,-78.5660852
C204909,"MILLING, RESURFACING, AND SHOULDER RECONSTRUCTION.","1 SECTION OF NC-55, AND16 SECTIONS OF SECONDARY ROADS.",9,1523000000-E,ROADWAY ITEMS,ASP CONC SURF CRS S9.5C,,3611.0,TON,BARNHILL CONTRACTING CO,64.9,234353.9,WAKE,12/19/2023,3169509.0,35.8031909,-78.5660852
C204909,"MILLING, RESURFACING, AND SHOULDER RECONSTRUCTION.","1 SECTION OF NC-55, AND16 SECTIONS OF SECONDARY ROADS.",9,1523000000-E,ROADWAY ITEMS,ASP CONC SURF CRS S9.5C,,3611.0,TON,BLYTHE CONSTRUCTION INC,73.0,263603.0,WAKE,12/19/2023,3599570.0,35.8031909,-78.5660852
C204909,"MILLING, RESURFACING, AND SHOULDER RECONSTRUCTION.","1 SECTION OF NC-55, AND16 SECTIONS OF SECONDARY ROADS.",10,1575000000-E,ROADWAY ITEMS,ASP FOR PLANT MIX,,1008.0,TON,FSC II LLC DBA FRED SMITH COMPANY,600.0,604800.0,WAKE,12/19/2023,2688337.0,35.8031909,-78.5660852
C204909,"MILLING, RESURFACING, AND SHOULDER RECONSTRUCTION.","1 SECTION OF NC-55, AND16 SECTIONS OF SECONDARY ROADS.",10,1575000000-E,ROADWAY ITEMS,ASP FOR PLANT MIX,,1008.0,TON,S T WOOTEN CORPORATION,425.0,428400.0,WAKE,12/19/2023,2957990.0,35.8031909,-78.5660852
C204909,"MILLING, RESURFACING, AND SHOULDER RECONSTRUCTION.","1 SECTION OF NC-55, AND16 SECTIONS OF SECONDARY ROADS.",10,1575000000-E,ROADWAY ITEMS,ASP FOR PLANT MIX,,1008.0,TON,CAROLINA SUNROCK LLC,550.0,554400.0,WAKE,12/19/2023,2974371.0,35.8031909,-78.5660852
C204909,"MILLING, RESURFACING, AND SHOULDER RECONSTRUCTION.","1 SECTION OF NC-55, AND16 SECTIONS OF SECONDARY ROADS.",10,1575000000-E,ROADWAY ITEMS,ASP FOR PLANT MIX,,1008.0,TON,BARNHILL CONTRACTING CO,510.0,514080.0,WAKE,12/19/2023,3169509.0,35.8031909,-78.5660852
C204909,"MILLING, RESURFACING, AND SHOULDER RECONSTRUCTION.","1 SECTION OF NC-55, AND16 SECTIONS OF SECONDARY ROADS.",10,1575000000-E,ROADWAY ITEMS,ASP FOR PLANT MIX,,1008.0,TON,BLYTHE CONSTRUCTION INC,660.0,665280.0,WAKE,12/19/2023,3599570.0,35.8031909,-78.5660852
C204909,"MILLING, RESURFACING, AND SHOULDER RECONSTRUCTION.","1 SECTION OF NC-55, AND16 SECTIONS OF SECONDARY ROADS.",11,1704000000-E,ROADWAY ITEMS,PATCHING EXIST PAVEMENT,,1028.0,TON,FSC II LLC DBA FRED SMITH COMPANY,125.0,128500.0,WAKE,12/19/2023,2688337.0,35.8031909,-78.5660852
C204909,"MILLING, RESURFACING, AND SHOULDER RECONSTRUCTION.","1 SECTION OF NC-55, AND16 SECTIONS OF SECONDARY ROADS.",11,1704000000-E,ROADWAY ITEMS,PATCHING EXIST PAVEMENT,,1028.0,TON,S T WOOTEN CORPORATION,125.0,128500.0,WAKE,12/19/2023,2957990.0,35.8031909,-78.5660852
C204909,"MILLING, RESURFACING, AND SHOULDER RECONSTRUCTION.","1 SECTION OF NC-55, AND16 SECTIONS OF SECONDARY ROADS.",11,1704000000-E,ROADWAY ITEMS,PATCHING EXIST PAVEMENT,,1028.0,TON,CAROLINA SUNROCK LLC,161.0,165508.0,WAKE,12/19/2023,2974371.0,35.8031909,-78.5660852
C204909,"MILLING, RESURFACING, AND SHOULDER RECONSTRUCTION.","1 SECTION OF NC-55, AND16 SECTIONS OF SECONDARY ROADS.",11,1704000000-E,ROADWAY ITEMS,PATCHING EXIST PAVEMENT,,1028.0,TON,BARNHILL CONTRACTING CO,150.0,154200.0,WAKE,12/19/2023,3169509.0,35.8031909,-78.5660852
C204909,"MILLING, RESURFACING, AND SHOULDER RECONSTRUCTION.","1 SECTION OF NC-55, AND16 SECTIONS OF SECONDARY ROADS.",11,1704000000-E,ROADWAY ITEMS,PATCHING EXIST PAVEMENT,,1028.0,TON,BLYTHE CONSTRUCTION INC,150.0,154200.0,WAKE,12/19/2023,3599570.0,35.8031909,-78.5660852
C204909,"MILLING, RESURFACING, AND SHOULDER RECONSTRUCTION.","1 SECTION OF NC-55, AND16 SECTIONS OF SECONDARY ROADS.",12,2549000000-E,ROADWAY ITEMS,"2'-6"" CONC CURB & GUTTER",,424.0,LF,FSC II LLC DBA FRED SMITH COMPANY,37.0,15688.0,WAKE,12/19/2023,2688337.0,35.8031909,-78.5660852
C204909,"MILLING, RESURFACING, AND SHOULDER RECONSTRUCTION.","1 SECTION OF NC-55, AND16 SECTIONS OF SECONDARY ROADS.",12,2549000000-E,ROADWAY ITEMS,"2'-6"" CONC CURB & GUTTER",,424.0,LF,S T WOOTEN CORPORATION,37.0,15688.0,WAKE,12/19/2023,2957990.0,35.8031909,-78.5660852
C204909,"MILLING, RESURFACING, AND SHOULDER RECONSTRUCTION.","1 SECTION OF NC-55, AND16 SECTIONS OF SECONDARY ROADS.",12,2549000000-E,ROADWAY ITEMS,"2'-6"" CONC CURB & GUTTER",,424.0,LF,CAROLINA SUNROCK LLC,40.0,16960.0,WAKE,12/19/2023,2974371.0,35.8031909,-78.5660852
C204909,"MILLING, RESURFACING, AND SHOULDER RECONSTRUCTION.","1 SECTION OF NC-55, AND16 SECTIONS OF SECONDARY ROADS.",12,2549000000-E,ROADWAY ITEMS,"2'-6"" CONC CURB & GUTTER",,424.0,LF,BARNHILL CONTRACTING CO,37.0,15688.0,WAKE,12/19/2023,3169509.0,35.8031909,-78.5660852
C204909,"MILLING, RESURFACING, AND SHOULDER RECONSTRUCTION.","1 SECTION OF NC-55, AND16 SECTIONS OF SECONDARY ROADS.",12,2549000000-E,ROADWAY ITEMS,"2'-6"" CONC CURB & GUTTER",,424.0,LF,BLYTHE CONSTRUCTION INC,37.0,15688.0,WAKE,12/19/2023,3599570.0,35.8031909,-78.5660852
C204909,"MILLING, RESURFACING, AND SHOULDER RECONSTRUCTION.","1 SECTION OF NC-55, AND16 SECTIONS OF SECONDARY ROADS.",13,2591000000-E,ROADWAY ITEMS,"4"" CONCRETE SIDEWALK",,195.0,SY,FSC II LLC DBA FRED SMITH COMPANY,64.5,12577.5,WAKE,12/19/2023,2688337.0,35.8031909,-78.5660852
C204909,"MILLING, RESURFACING, AND SHOULDER RECONSTRUCTION.","1 SECTION OF NC-55, AND16 SECTIONS OF SECONDARY ROADS.",13,2591000000-E,ROADWAY ITEMS,"4"" CONCRETE SIDEWALK",,195.0,SY,S T WOOTEN CORPORATION,64.5,12577.5,WAKE,12/19/2023,2957990.0,35.8031909,-78.5660852
C204909,"MILLING, RESURFACING, AND SHOULDER RECONSTRUCTION.","1 SECTION OF NC-55, AND16 SECTIONS OF SECONDARY ROADS.",13,2591000000-E,ROADWAY ITEMS,"4"" CONCRETE SIDEWALK",,195.0,SY,CAROLINA SUNROCK LLC,80.0,15600.0,WAKE,12/19/2023,2974371.0,35.8031909,-78.5660852
C204909,"MILLING, RESURFACING, AND SHOULDER RECONSTRUCTION.","1 SECTION OF NC-55, AND16 SECTIONS OF SECONDARY ROADS.",13,2591000000-E,ROADWAY ITEMS,"4"" CONCRETE SIDEWALK",,195.0,SY,BARNHILL CONTRACTING CO,64.5,12577.5,WAKE,12/19/2023,3169509.0,35.8031909,-78.5660852
C204909,"MILLING, RESURFACING, AND SHOULDER RECONSTRUCTION.","1 SECTION OF NC-55, AND16 SECTIONS OF SECONDARY ROADS.",13,2591000000-E,ROADWAY ITEMS,"4"" CONCRETE SIDEWALK",,195.0,SY,BLYTHE CONSTRUCTION INC,64.5,12577.5,WAKE,12/19/2023,3599570.0,35.8031909,-78.5660852
C204909,"MILLING, RESURFACING, AND SHOULDER RECONSTRUCTION.","1 SECTION OF NC-55, AND16 SECTIONS OF SECONDARY ROADS.",14,2605000000-N,ROADWAY ITEMS,CONCRETE CURB RAMPS,,8.0,EA,FSC II LLC DBA FRED SMITH COMPANY,2500.0,20000.0,WAKE,12/19/2023,2688337.0,35.8031909,-78.5660852
C204909,"MILLING, RESURFACING, AND SHOULDER RECONSTRUCTION.","1 SECTION OF NC-55, AND16 SECTIONS OF SECONDARY ROADS.",14,2605000000-N,ROADWAY ITEMS,CONCRETE CURB RAMPS,,8.0,EA,S T WOOTEN CORPORATION,2500.0,20000.0,WAKE,12/19/2023,2957990.0,35.8031909,-78.5660852
C204909,"MILLING, RESURFACING, AND SHOULDER RECONSTRUCTION.","1 SECTION OF NC-55, AND16 SECTIONS OF SECONDARY ROADS.",14,2605000000-N,ROADWAY ITEMS,CONCRETE CURB RAMPS,,8.0,EA,CAROLINA SUNROCK LLC,2450.0,19600.0,WAKE,12/19/2023,2974371.0,35.8031909,-78.5660852
C204909,"MILLING, RESURFACING, AND SHOULDER RECONSTRUCTION.","1 SECTION OF NC-55, AND16 SECTIONS OF SECONDARY ROADS.",14,2605000000-N,ROADWAY ITEMS,CONCRETE CURB RAMPS,,8.0,EA,BARNHILL CONTRACTING CO,2500.0,20000.0,WAKE,12/19/2023,3169509.0,35.8031909,-78.5660852
C204909,"MILLING, RESURFACING, AND SHOULDER RECONSTRUCTION.","1 SECTION OF NC-55, AND16 SECTIONS OF SECONDARY ROADS.",14,2605000000-N,ROADWAY ITEMS,CONCRETE CURB RAMPS,,8.0,EA,BLYTHE CONSTRUCTION INC,2500.0,20000.0,WAKE,12/19/2023,3599570.0,35.8031909,-78.5660852
C204909,"MILLING, RESURFACING, AND SHOULDER RECONSTRUCTION.","1 SECTION OF NC-55, AND16 SECTIONS OF SECONDARY ROADS.",15,2613000000-N,ROADWAY ITEMS,REM & REP CURB RAMPS,,78.0,EA,FSC II LLC DBA FRED SMITH COMPANY,2500.0,195000.0,WAKE,12/19/2023,2688337.0,35.8031909,-78.5660852
C204909,"MILLING, RESURFACING, AND SHOULDER RECONSTRUCTION.","1 SECTION OF NC-55, AND16 SECTIONS OF SECONDARY ROADS.",15,2613000000-N,ROADWAY ITEMS,REM & REP CURB RAMPS,,78.0,EA,S T WOOTEN CORPORATION,2500.0,195000.0,WAKE,12/19/2023,2957990.0,35.8031909,-78.5660852
C204909,"MILLING, RESURFACING, AND SHOULDER RECONSTRUCTION.","1 SECTION OF NC-55, AND16 SECTIONS OF SECONDARY ROADS.",15,2613000000-N,ROADWAY ITEMS,REM & REP CURB RAMPS,,78.0,EA,CAROLINA SUNROCK LLC,2650.0,206700.0,WAKE,12/19/2023,2974371.0,35.8031909,-78.5660852
C204909,"MILLING, RESURFACING, AND SHOULDER RECONSTRUCTION.","1 SECTION OF NC-55, AND16 SECTIONS OF SECONDARY ROADS.",15,2613000000-N,ROADWAY ITEMS,REM & REP CURB RAMPS,,78.0,EA,BARNHILL CONTRACTING CO,2500.0,195000.0,WAKE,12/19/2023,3169509.0,35.8031909,-78.5660852
C204909,"MILLING, RESURFACING, AND SHOULDER RECONSTRUCTION.","1 SECTION OF NC-55, AND16 SECTIONS OF SECONDARY ROADS.",15,2613000000-N,ROADWAY ITEMS,REM & REP CURB RAMPS,,78.0,EA,BLYTHE CONSTRUCTION INC,3000.0,234000.0,WAKE,12/19/2023,3599570.0,35.8031909,-78.5660852
C204909,"MILLING, RESURFACING, AND SHOULDER RECONSTRUCTION.","1 SECTION OF NC-55, AND16 SECTIONS OF SECONDARY ROADS.",16,2738000000-E,ROADWAY ITEMS,GENERIC PAVING ITEM (SY),REMOVE AND REPLACE SIDEWALK,57.0,SY,FSC II LLC DBA FRED SMITH COMPANY,74.0,4218.0,WAKE,12/19/2023,2688337.0,35.8031909,-78.5660852
C204909,"MILLING, RESURFACING, AND SHOULDER RECONSTRUCTION.","1 SECTION OF NC-55, AND16 SECTIONS OF SECONDARY ROADS.",16,2738000000-E,ROADWAY ITEMS,GENERIC PAVING ITEM (SY),REMOVE AND REPLACE SIDEWALK,57.0,SY,S T WOOTEN CORPORATION,74.0,4218.0,WAKE,12/19/2023,2957990.0,35.8031909,-78.5660852
C204909,"MILLING, RESURFACING, AND SHOULDER RECONSTRUCTION.","1 SECTION OF NC-55, AND16 SECTIONS OF SECONDARY ROADS.",16,2738000000-E,ROADWAY ITEMS,GENERIC PAVING ITEM (SY),REMOVE AND REPLACE SIDEWALK,57.0,SY,CAROLINA SUNROCK LLC,120.0,6840.0,WAKE,12/19/2023,2974371.0,35.8031909,-78.5660852
C204909,"MILLING, RESURFACING, AND SHOULDER RECONSTRUCTION.","1 SECTION OF NC-55, AND16 SECTIONS OF SECONDARY ROADS.",16,2738000000-E,ROADWAY ITEMS,GENERIC PAVING ITEM (SY),REMOVE AND REPLACE SIDEWALK,57.0,SY,BARNHILL CONTRACTING CO,74.0,4218.0,WAKE,12/19/2023,3169509.0,35.8031909,-78.5660852
C204909,"MILLING, RESURFACING, AND SHOULDER RECONSTRUCTION.","1 SECTION OF NC-55, AND16 SECTIONS OF SECONDARY ROADS.",16,2738000000-E,ROADWAY ITEMS,GENERIC PAVING ITEM (SY),REMOVE AND REPLACE SIDEWALK,57.0,SY,BLYTHE CONSTRUCTION INC,74.0,4218.0,WAKE,12/19/2023,3599570.0,35.8031909,-78.5660852
C204909,"MILLING, RESURFACING, AND SHOULDER RECONSTRUCTION.","1 SECTION OF NC-55, AND16 SECTIONS OF SECONDARY ROADS.",17,2738000000-E,ROADWAY ITEMS,GENERIC PAVING ITEM (SY),REMOVE ISLAND,10.0,SY,FSC II LLC DBA FRED SMITH COMPANY,96.5,965.0,WAKE,12/19/2023,2688337.0,35.8031909,-78.5660852
C204909,"MILLING, RESURFACING, AND SHOULDER RECONSTRUCTION.","1 SECTION OF NC-55, AND16 SECTIONS OF SECONDARY ROADS.",17,2738000000-E,ROADWAY ITEMS,GENERIC PAVING ITEM (SY),REMOVE ISLAND,10.0,SY,S T WOOTEN CORPORATION,96.5,965.0,WAKE,12/19/2023,2957990.0,35.8031909,-78.5660852
C204909,"MILLING, RESURFACING, AND SHOULDER RECONSTRUCTION.","1 SECTION OF NC-55, AND16 SECTIONS OF SECONDARY ROADS.",17,2738000000-E,ROADWAY ITEMS,GENERIC PAVING ITEM (SY),REMOVE ISLAND,10.0,SY,CAROLINA SUNROCK LLC,250.0,2500.0,WAKE,12/19/2023,2974371.0,35.8031909,-78.5660852
C204909,"MILLING, RESURFACING, AND SHOULDER RECONSTRUCTION.","1 SECTION OF NC-55, AND16 SECTIONS OF SECONDARY ROADS.",17,2738000000-E,ROADWAY ITEMS,GENERIC PAVING ITEM (SY),REMOVE ISLAND,10.0,SY,BARNHILL CONTRACTING CO,96.5,965.0,WAKE,12/19/2023,3169509.0,35.8031909,-78.5660852
C204909,"MILLING, RESURFACING, AND SHOULDER RECONSTRUCTION.","1 SECTION OF NC-55, AND16 SECTIONS OF SECONDARY ROADS.",17,2738000000-E,ROADWAY ITEMS,GENERIC PAVING ITEM (SY),REMOVE ISLAND,10.0,SY,BLYTHE CONSTRUCTION INC,96.5,965.0,WAKE,12/19/2023,3599570.0,35.8031909,-78.5660852
C204909,"MILLING, RESURFACING, AND SHOULDER RECONSTRUCTION.","1 SECTION OF NC-55, AND16 SECTIONS OF SECONDARY ROADS.",18,2738000000-E,ROADWAY ITEMS,GENERIC PAVING ITEM (SY),REMOVE SIDEWALK,50.0,SY,FSC II LLC DBA FRED SMITH COMPANY,43.0,2150.0,WAKE,12/19/2023,2688337.0,35.8031909,-78.5660852
C204909,"MILLING, RESURFACING, AND SHOULDER RECONSTRUCTION.","1 SECTION OF NC-55, AND16 SECTIONS OF SECONDARY ROADS.",18,2738000000-E,ROADWAY ITEMS,GENERIC PAVING ITEM (SY),REMOVE SIDEWALK,50.0,SY,S T WOOTEN CORPORATION,43.0,2150.0,WAKE,12/19/2023,2957990.0,35.8031909,-78.5660852
C204909,"MILLING, RESURFACING, AND SHOULDER RECONSTRUCTION.","1 SECTION OF NC-55, AND16 SECTIONS OF SECONDARY ROADS.",18,2738000000-E,ROADWAY ITEMS,GENERIC PAVING ITEM (SY),REMOVE SIDEWALK,50.0,SY,CAROLINA SUNROCK LLC,40.0,2000.0,WAKE,12/19/2023,2974371.0,35.8031909,-78.5660852
C204909,"MILLING, RESURFACING, AND SHOULDER RECONSTRUCTION.","1 SECTION OF NC-55, AND16 SECTIONS OF SECONDARY ROADS.",18,2738000000-E,ROADWAY ITEMS,GENERIC PAVING ITEM (SY),REMOVE SIDEWALK,50.0,SY,BARNHILL CONTRACTING CO,43.0,2150.0,WAKE,12/19/2023,3169509.0,35.8031909,-78.5660852
C204909,"MILLING, RESURFACING, AND SHOULDER RECONSTRUCTION.","1 SECTION OF NC-55, AND16 SECTIONS OF SECONDARY ROADS.",18,2738000000-E,ROADWAY ITEMS,GENERIC PAVING ITEM (SY),REMOVE SIDEWALK,50.0,SY,BLYTHE CONSTRUCTION INC,43.0,2150.0,WAKE,12/19/2023,3599570.0,35.8031909,-78.5660852
C204909,"MILLING, RESURFACING, AND SHOULDER RECONSTRUCTION.","1 SECTION OF NC-55, AND16 SECTIONS OF SECONDARY ROADS.",19,2752000000-E,ROADWAY ITEMS,GENERIC PAVING ITEM (LF),REMOVE CURB AND GUTTER,40.0,LF,FSC II LLC DBA FRED SMITH COMPANY,32.25,1290.0,WAKE,12/19/2023,2688337.0,35.8031909,-78.5660852
C204909,"MILLING, RESURFACING, AND SHOULDER RECONSTRUCTION.","1 SECTION OF NC-55, AND16 SECTIONS OF SECONDARY ROADS.",19,2752000000-E,ROADWAY ITEMS,GENERIC PAVING ITEM (LF),REMOVE CURB AND GUTTER,40.0,LF,S T WOOTEN CORPORATION,32.25,1290.0,WAKE,12/19/2023,2957990.0,35.8031909,-78.5660852
C204909,"MILLING, RESURFACING, AND SHOULDER RECONSTRUCTION.","1 SECTION OF NC-55, AND16 SECTIONS OF SECONDARY ROADS.",19,2752000000-E,ROADWAY ITEMS,GENERIC PAVING ITEM (LF),REMOVE CURB AND GUTTER,40.0,LF,CAROLINA SUNROCK LLC,40.0,1600.0,WAKE,12/19/2023,2974371.0,35.8031909,-78.5660852
C204909,"MILLING, RESURFACING, AND SHOULDER RECONSTRUCTION.","1 SECTION OF NC-55, AND16 SECTIONS OF SECONDARY ROADS.",19,2752000000-E,ROADWAY ITEMS,GENERIC PAVING ITEM (LF),REMOVE CURB AND GUTTER,40.0,LF,BARNHILL CONTRACTING CO,32.25,1290.0,WAKE,12/19/2023,3169509.0,35.8031909,-78.5660852
C204909,"MILLING, RESURFACING, AND SHOULDER RECONSTRUCTION.","1 SECTION OF NC-55, AND16 SECTIONS OF SECONDARY ROADS.",19,2752000000-E,ROADWAY ITEMS,GENERIC PAVING ITEM (LF),REMOVE CURB AND GUTTER,40.0,LF,BLYTHE CONSTRUCTION INC,32.25,1290.0,WAKE,12/19/2023,3599570.0,35.8031909,-78.5660852
C204909,"MILLING, RESURFACING, AND SHOULDER RECONSTRUCTION.","1 SECTION OF NC-55, AND16 SECTIONS OF SECONDARY ROADS.",20,2759000000-N,ROADWAY ITEMS,GENERIC PAVING ITEM (EA),REMOVE AND REPLACE GREENWAY CONNECTION,2.0,EA,FSC II LLC DBA FRED SMITH COMPANY,3500.0,7000.0,WAKE,12/19/2023,2688337.0,35.8031909,-78.5660852
C204909,"MILLING, RESURFACING, AND SHOULDER RECONSTRUCTION.","1 SECTION OF NC-55, AND16 SECTIONS OF SECONDARY ROADS.",20,2759000000-N,ROADWAY ITEMS,GENERIC PAVING ITEM (EA),REMOVE AND REPLACE GREENWAY CONNECTION,2.0,EA,S T WOOTEN CORPORATION,3500.0,7000.0,WAKE,12/19/2023,2957990.0,35.8031909,-78.5660852
C204909,"MILLING, RESURFACING, AND SHOULDER RECONSTRUCTION.","1 SECTION OF NC-55, AND16 SECTIONS OF SECONDARY ROADS.",20,2759000000-N,ROADWAY ITEMS,GENERIC PAVING ITEM (EA),REMOVE AND REPLACE GREENWAY CONNECTION,2.0,EA,CAROLINA SUNROCK LLC,5000.0,10000.0,WAKE,12/19/2023,2974371.0,35.8031909,-78.5660852
C204909,"MILLING, RESURFACING, AND SHOULDER RECONSTRUCTION.","1 SECTION OF NC-55, AND16 SECTIONS OF SECONDARY ROADS.",20,2759000000-N,ROADWAY ITEMS,GENERIC PAVING ITEM (EA),REMOVE AND REPLACE GREENWAY CONNECTION,2.0,EA,BARNHILL CONTRACTING CO,3500.0,7000.0,WAKE,12/19/2023,3169509.0,35.8031909,-78.5660852
C204909,"MILLING, RESURFACING, AND SHOULDER RECONSTRUCTION.","1 SECTION OF NC-55, AND16 SECTIONS OF SECONDARY ROADS.",20,2759000000-N,ROADWAY ITEMS,GENERIC PAVING ITEM (EA),REMOVE AND REPLACE GREENWAY CONNECTION,2.0,EA,BLYTHE CONSTRUCTION INC,3500.0,7000.0,WAKE,12/19/2023,3599570.0,35.8031909,-78.5660852
C204909,"MILLING, RESURFACING, AND SHOULDER RECONSTRUCTION.","1 SECTION OF NC-55, AND16 SECTIONS OF SECONDARY ROADS.",21,2759000000-N,ROADWAY ITEMS,GENERIC PAVING ITEM (EA),REMOVE CURB RAMP,27.0,EA,FSC II LLC DBA FRED SMITH COMPANY,850.0,22950.0,WAKE,12/19/2023,2688337.0,35.8031909,-78.5660852
C204909,"MILLING, RESURFACING, AND SHOULDER RECONSTRUCTION.","1 SECTION OF NC-55, AND16 SECTIONS OF SECONDARY ROADS.",21,2759000000-N,ROADWAY ITEMS,GENERIC PAVING ITEM (EA),REMOVE CURB RAMP,27.0,EA,S T WOOTEN CORPORATION,850.0,22950.0,WAKE,12/19/2023,2957990.0,35.8031909,-78.5660852
C204909,"MILLING, RESURFACING, AND SHOULDER RECONSTRUCTION.","1 SECTION OF NC-55, AND16 SECTIONS OF SECONDARY ROADS.",21,2759000000-N,ROADWAY ITEMS,GENERIC PAVING ITEM (EA),REMOVE CURB RAMP,27.0,EA,CAROLINA SUNROCK LLC,1850.0,49950.0,WAKE,12/19/2023,2974371.0,35.8031909,-78.5660852
C204909,"MILLING, RESURFACING, AND SHOULDER RECONSTRUCTION.","1 SECTION OF NC-55, AND16 SECTIONS OF SECONDARY ROADS.",21,2759000000-N,ROADWAY ITEMS,GENERIC PAVING ITEM (EA),REMOVE CURB RAMP,27.0,EA,BARNHILL CONTRACTING CO,850.0,22950.0,WAKE,12/19/2023,3169509.0,35.8031909,-78.5660852
C204909,"MILLING, RESURFACING, AND SHOULDER RECONSTRUCTION.","1 SECTION OF NC-55, AND16 SECTIONS OF SECONDARY ROADS.",21,2759000000-N,ROADWAY ITEMS,GENERIC PAVING ITEM (EA),REMOVE CURB RAMP,27.0,EA,BLYTHE CONSTRUCTION INC,850.0,22950.0,WAKE,12/19/2023,3599570.0,35.8031909,-78.5660852
C204909,"MILLING, RESURFACING, AND SHOULDER RECONSTRUCTION.","1 SECTION OF NC-55, AND16 SECTIONS OF SECONDARY ROADS.",22,2759000000-N,ROADWAY ITEMS,GENERIC PAVING ITEM (EA),RETROFIT CURB RAMP DETECTABLE WARNINGS,17.0,EA,FSC II LLC DBA FRED SMITH COMPANY,600.0,10200.0,WAKE,12/19/2023,2688337.0,35.8031909,-78.5660852
C204909,"MILLING, RESURFACING, AND SHOULDER RECONSTRUCTION.","1 SECTION OF NC-55, AND16 SECTIONS OF SECONDARY ROADS.",22,2759000000-N,ROADWAY ITEMS,GENERIC PAVING ITEM (EA),RETROFIT CURB RAMP DETECTABLE WARNINGS,17.0,EA,S T WOOTEN CORPORATION,600.0,10200.0,WAKE,12/19/2023,2957990.0,35.8031909,-78.5660852
C204909,"MILLING, RESURFACING, AND SHOULDER RECONSTRUCTION.","1 SECTION OF NC-55, AND16 SECTIONS OF SECONDARY ROADS.",22,2759000000-N,ROADWAY ITEMS,GENERIC PAVING ITEM (EA),RETROFIT CURB RAMP DETECTABLE WARNINGS,17.0,EA,CAROLINA SUNROCK LLC,1350.0,22950.0,WAKE,12/19/2023,2974371.0,35.8031909,-78.5660852
C204909,"MILLING, RESURFACING, AND SHOULDER RECONSTRUCTION.","1 SECTION OF NC-55, AND16 SECTIONS OF SECONDARY ROADS.",22,2759000000-N,ROADWAY ITEMS,GENERIC PAVING ITEM (EA),RETROFIT CURB RAMP DETECTABLE WARNINGS,17.0,EA,BARNHILL CONTRACTING CO,600.0,10200.0,WAKE,12/19/2023,3169509.0,35.8031909,-78.5660852
C204909,"MILLING, RESURFACING, AND SHOULDER RECONSTRUCTION.","1 SECTION OF NC-55, AND16 SECTIONS OF SECONDARY ROADS.",22,2759000000-N,ROADWAY ITEMS,GENERIC PAVING ITEM (EA),RETROFIT CURB RAMP DETECTABLE WARNINGS,17.0,EA,BLYTHE CONSTRUCTION INC,600.0,10200.0,WAKE,12/19/2023,3599570.0,35.8031909,-78.5660852
C204909,"MILLING, RESURFACING, AND SHOULDER RECONSTRUCTION.","1 SECTION OF NC-55, AND16 SECTIONS OF SECONDARY ROADS.",23,2830000000-N,ROADWAY ITEMS,ADJ MANHOLES,,1.0,EA,FSC II LLC DBA FRED SMITH COMPANY,650.0,650.0,WAKE,12/19/2023,2688337.0,35.8031909,-78.5660852
C204909,"MILLING, RESURFACING, AND SHOULDER RECONSTRUCTION.","1 SECTION OF NC-55, AND16 SECTIONS OF SECONDARY ROADS.",23,2830000000-N,ROADWAY ITEMS,ADJ MANHOLES,,1.0,EA,S T WOOTEN CORPORATION,650.0,650.0,WAKE,12/19/2023,2957990.0,35.8031909,-78.5660852
C204909,"MILLING, RESURFACING, AND SHOULDER RECONSTRUCTION.","1 SECTION OF NC-55, AND16 SECTIONS OF SECONDARY ROADS.",23,2830000000-N,ROADWAY ITEMS,ADJ MANHOLES,,1.0,EA,CAROLINA SUNROCK LLC,1350.0,1350.0,WAKE,12/19/2023,2974371.0,35.8031909,-78.5660852
C204909,"MILLING, RESURFACING, AND SHOULDER RECONSTRUCTION.","1 SECTION OF NC-55, AND16 SECTIONS OF SECONDARY ROADS.",23,2830000000-N,ROADWAY ITEMS,ADJ MANHOLES,,1.0,EA,BARNHILL CONTRACTING CO,650.0,650.0,WAKE,12/19/2023,3169509.0,35.8031909,-78.5660852
C204909,"MILLING, RESURFACING, AND SHOULDER RECONSTRUCTION.","1 SECTION OF NC-55, AND16 SECTIONS OF SECONDARY ROADS.",23,2830000000-N,ROADWAY ITEMS,ADJ MANHOLES,,1.0,EA,BLYTHE CONSTRUCTION INC,650.0,650.0,WAKE,12/19/2023,3599570.0,35.8031909,-78.5660852
C204909,"MILLING, RESURFACING, AND SHOULDER RECONSTRUCTION.","1 SECTION OF NC-55, AND16 SECTIONS OF SECONDARY ROADS.",24,2845000000-N,ROADWAY ITEMS,ADJ METER OR VALVE BOXES,,4.0,EA,FSC II LLC DBA FRED SMITH COMPANY,500.0,2000.0,WAKE,12/19/2023,2688337.0,35.8031909,-78.5660852
C204909,"MILLING, RESURFACING, AND SHOULDER RECONSTRUCTION.","1 SECTION OF NC-55, AND16 SECTIONS OF SECONDARY ROADS.",24,2845000000-N,ROADWAY ITEMS,ADJ METER OR VALVE BOXES,,4.0,EA,S T WOOTEN CORPORATION,500.0,2000.0,WAKE,12/19/2023,2957990.0,35.8031909,-78.5660852
C204909,"MILLING, RESURFACING, AND SHOULDER RECONSTRUCTION.","1 SECTION OF NC-55, AND16 SECTIONS OF SECONDARY ROADS.",24,2845000000-N,ROADWAY ITEMS,ADJ METER OR VALVE BOXES,,4.0,EA,CAROLINA SUNROCK LLC,1350.0,5400.0,WAKE,12/19/2023,2974371.0,35.8031909,-78.5660852
C204909,"MILLING, RESURFACING, AND SHOULDER RECONSTRUCTION.","1 SECTION OF NC-55, AND16 SECTIONS OF SECONDARY ROADS.",24,2845000000-N,ROADWAY ITEMS,ADJ METER OR VALVE BOXES,,4.0,EA,BARNHILL CONTRACTING CO,500.0,2000.0,WAKE,12/19/2023,3169509.0,35.8031909,-78.5660852
C204909,"MILLING, RESURFACING, AND SHOULDER RECONSTRUCTION.","1 SECTION OF NC-55, AND16 SECTIONS OF SECONDARY ROADS.",24,2845000000-N,ROADWAY ITEMS,ADJ METER OR VALVE BOXES,,4.0,EA,BLYTHE CONSTRUCTION INC,500.0,2000.0,WAKE,12/19/2023,3599570.0,35.8031909,-78.5660852
C204909,"MILLING, RESURFACING, AND SHOULDER RECONSTRUCTION.","1 SECTION OF NC-55, AND16 SECTIONS OF SECONDARY ROADS.",25,4025000000-E,ROADWAY ITEMS,"CONTR FURN, TYPE ***SIGN",(E),65.0,SF,FSC II LLC DBA FRED SMITH COMPANY,12.87,836.55,WAKE,12/19/2023,2688337.0,35.8031909,-78.5660852
C204909,"MILLING, RESURFACING, AND SHOULDER RECONSTRUCTION.","1 SECTION OF NC-55, AND16 SECTIONS OF SECONDARY ROADS.",25,4025000000-E,ROADWAY ITEMS,"CONTR FURN, TYPE ***SIGN",(E),65.0,SF,S T WOOTEN CORPORATION,27.0,1755.0,WAKE,12/19/2023,2957990.0,35.8031909,-78.5660852
C204909,"MILLING, RESURFACING, AND SHOULDER RECONSTRUCTION.","1 SECTION OF NC-55, AND16 SECTIONS OF SECONDARY ROADS.",25,4025000000-E,ROADWAY ITEMS,"CONTR FURN, TYPE ***SIGN",(E),65.0,SF,CAROLINA SUNROCK LLC,16.0,1040.0,WAKE,12/19/2023,2974371.0,35.8031909,-78.5660852
C204909,"MILLING, RESURFACING, AND SHOULDER RECONSTRUCTION.","1 SECTION OF NC-55, AND16 SECTIONS OF SECONDARY ROADS.",25,4025000000-E,ROADWAY ITEMS,"CONTR FURN, TYPE ***SIGN",(E),65.0,SF,BARNHILL CONTRACTING CO,16.0,1040.0,WAKE,12/19/2023,3169509.0,35.8031909,-78.5660852
C204909,"MILLING, RESURFACING, AND SHOULDER RECONSTRUCTION.","1 SECTION OF NC-55, AND16 SECTIONS OF SECONDARY ROADS.",25,4025000000-E,ROADWAY ITEMS,"CONTR FURN, TYPE ***SIGN",(E),65.0,SF,BLYTHE CONSTRUCTION INC,55.0,3575.0,WAKE,12/19/2023,3599570.0,35.8031909,-78.5660852
C204909,"MILLING, RESURFACING, AND SHOULDER RECONSTRUCTION.","1 SECTION OF NC-55, AND16 SECTIONS OF SECONDARY ROADS.",26,4102000000-N,ROADWAY ITEMS,"SIGN ERECTION, TYPE E",,15.0,EA,FSC II LLC DBA FRED SMITH COMPANY,429.0,6435.0,WAKE,12/19/2023,2688337.0,35.8031909,-78.5660852
C204909,"MILLING, RESURFACING, AND SHOULDER RECONSTRUCTION.","1 SECTION OF NC-55, AND16 SECTIONS OF SECONDARY ROADS.",26,4102000000-N,ROADWAY ITEMS,"SIGN ERECTION, TYPE E",,15.0,EA,S T WOOTEN CORPORATION,285.0,4275.0,WAKE,12/19/2023,2957990.0,35.8031909,-78.5660852
C204909,"MILLING, RESURFACING, AND SHOULDER RECONSTRUCTION.","1 SECTION OF NC-55, AND16 SECTIONS OF SECONDARY ROADS.",26,4102000000-N,ROADWAY ITEMS,"SIGN ERECTION, TYPE E",,15.0,EA,CAROLINA SUNROCK LLC,155.0,2325.0,WAKE,12/19/2023,2974371.0,35.8031909,-78.5660852
C204909,"MILLING, RESURFACING, AND SHOULDER RECONSTRUCTION.","1 SECTION OF NC-55, AND16 SECTIONS OF SECONDARY ROADS.",26,4102000000-N,ROADWAY ITEMS,"SIGN ERECTION, TYPE E",,15.0,EA,BARNHILL CONTRACTING CO,155.0,2325.0,WAKE,12/19/2023,3169509.0,35.8031909,-78.5660852
C204909,"MILLING, RESURFACING, AND SHOULDER RECONSTRUCTION.","1 SECTION OF NC-55, AND16 SECTIONS OF SECONDARY ROADS.",26,4102000000-N,ROADWAY ITEMS,"SIGN ERECTION, TYPE E",,15.0,EA,BLYTHE CONSTRUCTION INC,215.0,3225.0,WAKE,12/19/2023,3599570.0,35.8031909,-78.5660852
C204909,"MILLING, RESURFACING, AND SHOULDER RECONSTRUCTION.","1 SECTION OF NC-55, AND16 SECTIONS OF SECONDARY ROADS.",27,4413000000-E,ROADWAY ITEMS,WORK ZONE ADV/GEN WARN SIGN,,1109.0,SF,FSC II LLC DBA FRED SMITH COMPANY,8.53,9459.77,WAKE,12/19/2023,2688337.0,35.8031909,-78.5660852
C204909,"MILLING, RESURFACING, AND SHOULDER RECONSTRUCTION.","1 SECTION OF NC-55, AND16 SECTIONS OF SECONDARY ROADS.",27,4413000000-E,ROADWAY ITEMS,WORK ZONE ADV/GEN WARN SIGN,,1109.0,SF,S T WOOTEN CORPORATION,7.78,8628.02,WAKE,12/19/2023,2957990.0,35.8031909,-78.5660852
C204909,"MILLING, RESURFACING, AND SHOULDER RECONSTRUCTION.","1 SECTION OF NC-55, AND16 SECTIONS OF SECONDARY ROADS.",27,4413000000-E,ROADWAY ITEMS,WORK ZONE ADV/GEN WARN SIGN,,1109.0,SF,CAROLINA SUNROCK LLC,7.0,7763.0,WAKE,12/19/2023,2974371.0,35.8031909,-78.5660852
C204909,"MILLING, RESURFACING, AND SHOULDER RECONSTRUCTION.","1 SECTION OF NC-55, AND16 SECTIONS OF SECONDARY ROADS.",27,4413000000-E,ROADWAY ITEMS,WORK ZONE ADV/GEN WARN SIGN,,1109.0,SF,BARNHILL CONTRACTING CO,7.0,7763.0,WAKE,12/19/2023,3169509.0,35.8031909,-78.5660852
C204909,"MILLING, RESURFACING, AND SHOULDER RECONSTRUCTION.","1 SECTION OF NC-55, AND16 SECTIONS OF SECONDARY ROADS.",27,4413000000-E,ROADWAY ITEMS,WORK ZONE ADV/GEN WARN SIGN,,1109.0,SF,BLYTHE CONSTRUCTION INC,8.05,8927.45,WAKE,12/19/2023,3599570.0,35.8031909,-78.5660852
C204909,"MILLING, RESURFACING, AND SHOULDER RECONSTRUCTION.","1 SECTION OF NC-55, AND16 SECTIONS OF SECONDARY ROADS.",28,4447000000-E,ROADWAY ITEMS,PED CHANNEL DEVICES,,180.0,LF,FSC II LLC DBA FRED SMITH COMPANY,125.0,22500.0,WAKE,12/19/2023,2688337.0,35.8031909,-78.5660852
C204909,"MILLING, RESURFACING, AND SHOULDER RECONSTRUCTION.","1 SECTION OF NC-55, AND16 SECTIONS OF SECONDARY ROADS.",28,4447000000-E,ROADWAY ITEMS,PED CHANNEL DEVICES,,180.0,LF,S T WOOTEN CORPORATION,125.0,22500.0,WAKE,12/19/2023,2957990.0,35.8031909,-78.5660852
C204909,"MILLING, RESURFACING, AND SHOULDER RECONSTRUCTION.","1 SECTION OF NC-55, AND16 SECTIONS OF SECONDARY ROADS.",28,4447000000-E,ROADWAY ITEMS,PED CHANNEL DEVICES,,180.0,LF,CAROLINA SUNROCK LLC,75.0,13500.0,WAKE,12/19/2023,2974371.0,35.8031909,-78.5660852
C204909,"MILLING, RESURFACING, AND SHOULDER RECONSTRUCTION.","1 SECTION OF NC-55, AND16 SECTIONS OF SECONDARY ROADS.",28,4447000000-E,ROADWAY ITEMS,PED CHANNEL DEVICES,,180.0,LF,BARNHILL CONTRACTING CO,125.0,22500.0,WAKE,12/19/2023,3169509.0,35.8031909,-78.5660852
C204909,"MILLING, RESURFACING, AND SHOULDER RECONSTRUCTION.","1 SECTION OF NC-55, AND16 SECTIONS OF SECONDARY ROADS.",28,4447000000-E,ROADWAY ITEMS,PED CHANNEL DEVICES,,180.0,LF,BLYTHE CONSTRUCTION INC,125.0,22500.0,WAKE,12/19/2023,3599570.0,35.8031909,-78.5660852
C204909,"MILLING, RESURFACING, AND SHOULDER RECONSTRUCTION.","1 SECTION OF NC-55, AND16 SECTIONS OF SECONDARY ROADS.",29,4457000000-N,ROADWAY ITEMS,TEMP TRAFFIC CONTROL (SP),,1.0,LS,FSC II LLC DBA FRED SMITH COMPANY,74000.0,74000.0,WAKE,12/19/2023,2688337.0,35.8031909,-78.5660852
C204909,"MILLING, RESURFACING, AND SHOULDER RECONSTRUCTION.","1 SECTION OF NC-55, AND16 SECTIONS OF SECONDARY ROADS.",29,4457000000-N,ROADWAY ITEMS,TEMP TRAFFIC CONTROL (SP),,1.0,LS,S T WOOTEN CORPORATION,142130.0,142130.0,WAKE,12/19/2023,2957990.0,35.8031909,-78.5660852
C204909,"MILLING, RESURFACING, AND SHOULDER RECONSTRUCTION.","1 SECTION OF NC-55, AND16 SECTIONS OF SECONDARY ROADS.",29,4457000000-N,ROADWAY ITEMS,TEMP TRAFFIC CONTROL (SP),,1.0,LS,CAROLINA SUNROCK LLC,84540.0,84540.0,WAKE,12/19/2023,2974371.0,35.8031909,-78.5660852
C204909,"MILLING, RESURFACING, AND SHOULDER RECONSTRUCTION.","1 SECTION OF NC-55, AND16 SECTIONS OF SECONDARY ROADS.",29,4457000000-N,ROADWAY ITEMS,TEMP TRAFFIC CONTROL (SP),,1.0,LS,BARNHILL CONTRACTING CO,156490.0,156490.0,WAKE,12/19/2023,3169509.0,35.8031909,-78.5660852
C204909,"MILLING, RESURFACING, AND SHOULDER RECONSTRUCTION.","1 SECTION OF NC-55, AND16 SECTIONS OF SECONDARY ROADS.",29,4457000000-N,ROADWAY ITEMS,TEMP TRAFFIC CONTROL (SP),,1.0,LS,BLYTHE CONSTRUCTION INC,360000.0,360000.0,WAKE,12/19/2023,3599570.0,35.8031909,-78.5660852
C204909,"MILLING, RESURFACING, AND SHOULDER RECONSTRUCTION.","1 SECTION OF NC-55, AND16 SECTIONS OF SECONDARY ROADS.",30,4510000000-N,ROADWAY ITEMS,LAW ENFORCEMENT,,160.0,HR,FSC II LLC DBA FRED SMITH COMPANY,110.0,17600.0,WAKE,12/19/2023,2688337.0,35.8031909,-78.5660852
C204909,"MILLING, RESURFACING, AND SHOULDER RECONSTRUCTION.","1 SECTION OF NC-55, AND16 SECTIONS OF SECONDARY ROADS.",30,4510000000-N,ROADWAY ITEMS,LAW ENFORCEMENT,,160.0,HR,S T WOOTEN CORPORATION,100.0,16000.0,WAKE,12/19/2023,2957990.0,35.8031909,-78.5660852
C204909,"MILLING, RESURFACING, AND SHOULDER RECONSTRUCTION.","1 SECTION OF NC-55, AND16 SECTIONS OF SECONDARY ROADS.",30,4510000000-N,ROADWAY ITEMS,LAW ENFORCEMENT,,160.0,HR,CAROLINA SUNROCK LLC,75.0,12000.0,WAKE,12/19/2023,2974371.0,35.8031909,-78.5660852
C204909,"MILLING, RESURFACING, AND SHOULDER RECONSTRUCTION.","1 SECTION OF NC-55, AND16 SECTIONS OF SECONDARY ROADS.",30,4510000000-N,ROADWAY ITEMS,LAW ENFORCEMENT,,160.0,HR,BARNHILL CONTRACTING CO,80.0,12800.0,WAKE,12/19/2023,3169509.0,35.8031909,-78.5660852
C204909,"MILLING, RESURFACING, AND SHOULDER RECONSTRUCTION.","1 SECTION OF NC-55, AND16 SECTIONS OF SECONDARY ROADS.",30,4510000000-N,ROADWAY ITEMS,LAW ENFORCEMENT,,160.0,HR,BLYTHE CONSTRUCTION INC,90.0,14400.0,WAKE,12/19/2023,3599570.0,35.8031909,-78.5660852
C204909,"MILLING, RESURFACING, AND SHOULDER RECONSTRUCTION.","1 SECTION OF NC-55, AND16 SECTIONS OF SECONDARY ROADS.",31,4600000000-N,ROADWAY ITEMS,GENERIC TRAFFIC CONTROL ITEM (EA),AUDIBLE WARNING DEVICES,6.0,EA,FSC II LLC DBA FRED SMITH COMPANY,385.0,2310.0,WAKE,12/19/2023,2688337.0,35.8031909,-78.5660852
C204909,"MILLING, RESURFACING, AND SHOULDER RECONSTRUCTION.","1 SECTION OF NC-55, AND16 SECTIONS OF SECONDARY ROADS.",31,4600000000-N,ROADWAY ITEMS,GENERIC TRAFFIC CONTROL ITEM (EA),AUDIBLE WARNING DEVICES,6.0,EA,S T WOOTEN CORPORATION,385.0,2310.0,WAKE,12/19/2023,2957990.0,35.8031909,-78.5660852
C204909,"MILLING, RESURFACING, AND SHOULDER RECONSTRUCTION.","1 SECTION OF NC-55, AND16 SECTIONS OF SECONDARY ROADS.",31,4600000000-N,ROADWAY ITEMS,GENERIC TRAFFIC CONTROL ITEM (EA),AUDIBLE WARNING DEVICES,6.0,EA,CAROLINA SUNROCK LLC,300.0,1800.0,WAKE,12/19/2023,2974371.0,35.8031909,-78.5660852
C204909,"MILLING, RESURFACING, AND SHOULDER RECONSTRUCTION.","1 SECTION OF NC-55, AND16 SECTIONS OF SECONDARY ROADS.",31,4600000000-N,ROADWAY ITEMS,GENERIC TRAFFIC CONTROL ITEM (EA),AUDIBLE WARNING DEVICES,6.0,EA,BARNHILL CONTRACTING CO,385.0,2310.0,WAKE,12/19/2023,3169509.0,35.8031909,-78.5660852
C204909,"MILLING, RESURFACING, AND SHOULDER RECONSTRUCTION.","1 SECTION OF NC-55, AND16 SECTIONS OF SECONDARY ROADS.",31,4600000000-N,ROADWAY ITEMS,GENERIC TRAFFIC CONTROL ITEM (EA),AUDIBLE WARNING DEVICES,6.0,EA,BLYTHE CONSTRUCTION INC,385.0,2310.0,WAKE,12/19/2023,3599570.0,35.8031909,-78.5660852
C204909,"MILLING, RESURFACING, AND SHOULDER RECONSTRUCTION.","1 SECTION OF NC-55, AND16 SECTIONS OF SECONDARY ROADS.",32,4600000000-N,ROADWAY ITEMS,GENERIC TRAFFIC CONTROL ITEM (EA),PEDESTRIAN TRANSPORT SERVICE (PER TRIP),60.0,EA,FSC II LLC DBA FRED SMITH COMPANY,50.0,3000.0,WAKE,12/19/2023,2688337.0,35.8031909,-78.5660852
C204909,"MILLING, RESURFACING, AND SHOULDER RECONSTRUCTION.","1 SECTION OF NC-55, AND16 SECTIONS OF SECONDARY ROADS.",32,4600000000-N,ROADWAY ITEMS,GENERIC TRAFFIC CONTROL ITEM (EA),PEDESTRIAN TRANSPORT SERVICE (PER TRIP),60.0,EA,S T WOOTEN CORPORATION,50.0,3000.0,WAKE,12/19/2023,2957990.0,35.8031909,-78.5660852
C204909,"MILLING, RESURFACING, AND SHOULDER RECONSTRUCTION.","1 SECTION OF NC-55, AND16 SECTIONS OF SECONDARY ROADS.",32,4600000000-N,ROADWAY ITEMS,GENERIC TRAFFIC CONTROL ITEM (EA),PEDESTRIAN TRANSPORT SERVICE (PER TRIP),60.0,EA,CAROLINA SUNROCK LLC,150.0,9000.0,WAKE,12/19/2023,2974371.0,35.8031909,-78.5660852
C204909,"MILLING, RESURFACING, AND SHOULDER RECONSTRUCTION.","1 SECTION OF NC-55, AND16 SECTIONS OF SECONDARY ROADS.",32,4600000000-N,ROADWAY ITEMS,GENERIC TRAFFIC CONTROL ITEM (EA),PEDESTRIAN TRANSPORT SERVICE (PER TRIP),60.0,EA,BARNHILL CONTRACTING CO,50.0,3000.0,WAKE,12/19/2023,3169509.0,35.8031909,-78.5660852
C204909,"MILLING, RESURFACING, AND SHOULDER RECONSTRUCTION.","1 SECTION OF NC-55, AND16 SECTIONS OF SECONDARY ROADS.",32,4600000000-N,ROADWAY ITEMS,GENERIC TRAFFIC CONTROL ITEM (EA),PEDESTRIAN TRANSPORT SERVICE (PER TRIP),60.0,EA,BLYTHE CONSTRUCTION INC,50.0,3000.0,WAKE,12/19/2023,3599570.0,35.8031909,-78.5660852
C204909,"MILLING, RESURFACING, AND SHOULDER RECONSTRUCTION.","1 SECTION OF NC-55, AND16 SECTIONS OF SECONDARY ROADS.",33,4685000000-E,ROADWAY ITEMS,"THERMO PVT MKG LINES 4""90",,160924.0,LF,FSC II LLC DBA FRED SMITH COMPANY,0.59,94945.16,WAKE,12/19/2023,2688337.0,35.8031909,-78.5660852
C204909,"MILLING, RESURFACING, AND SHOULDER RECONSTRUCTION.","1 SECTION OF NC-55, AND16 SECTIONS OF SECONDARY ROADS.",33,4685000000-E,ROADWAY ITEMS,"THERMO PVT MKG LINES 4""90",,160924.0,LF,S T WOOTEN CORPORATION,0.59,94945.16,WAKE,12/19/2023,2957990.0,35.8031909,-78.5660852
C204909,"MILLING, RESURFACING, AND SHOULDER RECONSTRUCTION.","1 SECTION OF NC-55, AND16 SECTIONS OF SECONDARY ROADS.",33,4685000000-E,ROADWAY ITEMS,"THERMO PVT MKG LINES 4""90",,160924.0,LF,CAROLINA SUNROCK LLC,0.59,94945.16,WAKE,12/19/2023,2974371.0,35.8031909,-78.5660852
C204909,"MILLING, RESURFACING, AND SHOULDER RECONSTRUCTION.","1 SECTION OF NC-55, AND16 SECTIONS OF SECONDARY ROADS.",33,4685000000-E,ROADWAY ITEMS,"THERMO PVT MKG LINES 4""90",,160924.0,LF,BARNHILL CONTRACTING CO,0.59,94945.16,WAKE,12/19/2023,3169509.0,35.8031909,-78.5660852
C204909,"MILLING, RESURFACING, AND SHOULDER RECONSTRUCTION.","1 SECTION OF NC-55, AND16 SECTIONS OF SECONDARY ROADS.",33,4685000000-E,ROADWAY ITEMS,"THERMO PVT MKG LINES 4""90",,160924.0,LF,BLYTHE CONSTRUCTION INC,0.6,96554.4,WAKE,12/19/2023,3599570.0,35.8031909,-78.5660852
C204909,"MILLING, RESURFACING, AND SHOULDER RECONSTRUCTION.","1 SECTION OF NC-55, AND16 SECTIONS OF SECONDARY ROADS.",34,4695000000-E,ROADWAY ITEMS,"THERMO PVT MKG LINES 8""90 MILS",,2135.0,LF,FSC II LLC DBA FRED SMITH COMPANY,2.0,4270.0,WAKE,12/19/2023,2688337.0,35.8031909,-78.5660852
C204909,"MILLING, RESURFACING, AND SHOULDER RECONSTRUCTION.","1 SECTION OF NC-55, AND16 SECTIONS OF SECONDARY ROADS.",34,4695000000-E,ROADWAY ITEMS,"THERMO PVT MKG LINES 8""90 MILS",,2135.0,LF,S T WOOTEN CORPORATION,2.0,4270.0,WAKE,12/19/2023,2957990.0,35.8031909,-78.5660852
C204909,"MILLING, RESURFACING, AND SHOULDER RECONSTRUCTION.","1 SECTION OF NC-55, AND16 SECTIONS OF SECONDARY ROADS.",34,4695000000-E,ROADWAY ITEMS,"THERMO PVT MKG LINES 8""90 MILS",,2135.0,LF,CAROLINA SUNROCK LLC,2.0,4270.0,WAKE,12/19/2023,2974371.0,35.8031909,-78.5660852
C204909,"MILLING, RESURFACING, AND SHOULDER RECONSTRUCTION.","1 SECTION OF NC-55, AND16 SECTIONS OF SECONDARY ROADS.",34,4695000000-E,ROADWAY ITEMS,"THERMO PVT MKG LINES 8""90 MILS",,2135.0,LF,BARNHILL CONTRACTING CO,2.0,4270.0,WAKE,12/19/2023,3169509.0,35.8031909,-78.5660852
C204909,"MILLING, RESURFACING, AND SHOULDER RECONSTRUCTION.","1 SECTION OF NC-55, AND16 SECTIONS OF SECONDARY ROADS.",34,4695000000-E,ROADWAY ITEMS,"THERMO PVT MKG LINES 8""90 MILS",,2135.0,LF,BLYTHE CONSTRUCTION INC,2.0,4270.0,WAKE,12/19/2023,3599570.0,35.8031909,-78.5660852
C204909,"MILLING, RESURFACING, AND SHOULDER RECONSTRUCTION.","1 SECTION OF NC-55, AND16 SECTIONS OF SECONDARY ROADS.",35,4700000000-E,ROADWAY ITEMS,"12""WIDE THERMO 90 MILS",,399.0,LF,FSC II LLC DBA FRED SMITH COMPANY,2.5,997.5,WAKE,12/19/2023,2688337.0,35.8031909,-78.5660852
C204909,"MILLING, RESURFACING, AND SHOULDER RECONSTRUCTION.","1 SECTION OF NC-55, AND16 SECTIONS OF SECONDARY ROADS.",35,4700000000-E,ROADWAY ITEMS,"12""WIDE THERMO 90 MILS",,399.0,LF,S T WOOTEN CORPORATION,2.5,997.5,WAKE,12/19/2023,2957990.0,35.8031909,-78.5660852
C204909,"MILLING, RESURFACING, AND SHOULDER RECONSTRUCTION.","1 SECTION OF NC-55, AND16 SECTIONS OF SECONDARY ROADS.",35,4700000000-E,ROADWAY ITEMS,"12""WIDE THERMO 90 MILS",,399.0,LF,CAROLINA SUNROCK LLC,2.5,997.5,WAKE,12/19/2023,2974371.0,35.8031909,-78.5660852
C204909,"MILLING, RESURFACING, AND SHOULDER RECONSTRUCTION.","1 SECTION OF NC-55, AND16 SECTIONS OF SECONDARY ROADS.",35,4700000000-E,ROADWAY ITEMS,"12""WIDE THERMO 90 MILS",,399.0,LF,BARNHILL CONTRACTING CO,2.5,997.5,WAKE,12/19/2023,3169509.0,35.8031909,-78.5660852
C204909,"MILLING, RESURFACING, AND SHOULDER RECONSTRUCTION.","1 SECTION OF NC-55, AND16 SECTIONS OF SECONDARY ROADS.",35,4700000000-E,ROADWAY ITEMS,"12""WIDE THERMO 90 MILS",,399.0,LF,BLYTHE CONSTRUCTION INC,2.5,997.5,WAKE,12/19/2023,3599570.0,35.8031909,-78.5660852
C204909,"MILLING, RESURFACING, AND SHOULDER RECONSTRUCTION.","1 SECTION OF NC-55, AND16 SECTIONS OF SECONDARY ROADS.",36,4704000000-E,ROADWAY ITEMS,"THERMO LINES 16"" 90MILS",,193.0,LF,FSC II LLC DBA FRED SMITH COMPANY,11.0,2123.0,WAKE,12/19/2023,2688337.0,35.8031909,-78.5660852
C204909,"MILLING, RESURFACING, AND SHOULDER RECONSTRUCTION.","1 SECTION OF NC-55, AND16 SECTIONS OF SECONDARY ROADS.",36,4704000000-E,ROADWAY ITEMS,"THERMO LINES 16"" 90MILS",,193.0,LF,S T WOOTEN CORPORATION,11.0,2123.0,WAKE,12/19/2023,2957990.0,35.8031909,-78.5660852
C204909,"MILLING, RESURFACING, AND SHOULDER RECONSTRUCTION.","1 SECTION OF NC-55, AND16 SECTIONS OF SECONDARY ROADS.",36,4704000000-E,ROADWAY ITEMS,"THERMO LINES 16"" 90MILS",,193.0,LF,CAROLINA SUNROCK LLC,11.0,2123.0,WAKE,12/19/2023,2974371.0,35.8031909,-78.5660852
C204909,"MILLING, RESURFACING, AND SHOULDER RECONSTRUCTION.","1 SECTION OF NC-55, AND16 SECTIONS OF SECONDARY ROADS.",36,4704000000-E,ROADWAY ITEMS,"THERMO LINES 16"" 90MILS",,193.0,LF,BARNHILL CONTRACTING CO,11.0,2123.0,WAKE,12/19/2023,3169509.0,35.8031909,-78.5660852
C204909,"MILLING, RESURFACING, AND SHOULDER RECONSTRUCTION.","1 SECTION OF NC-55, AND16 SECTIONS OF SECONDARY ROADS.",36,4704000000-E,ROADWAY ITEMS,"THERMO LINES 16"" 90MILS",,193.0,LF,BLYTHE CONSTRUCTION INC,11.0,2123.0,WAKE,12/19/2023,3599570.0,35.8031909,-78.5660852
C204909,"MILLING, RESURFACING, AND SHOULDER RECONSTRUCTION.","1 SECTION OF NC-55, AND16 SECTIONS OF SECONDARY ROADS.",37,4709000000-E,ROADWAY ITEMS,"24""WIDE THERMO 90 MILS",,2682.0,LF,FSC II LLC DBA FRED SMITH COMPANY,13.0,34866.0,WAKE,12/19/2023,2688337.0,35.8031909,-78.5660852
C204909,"MILLING, RESURFACING, AND SHOULDER RECONSTRUCTION.","1 SECTION OF NC-55, AND16 SECTIONS OF SECONDARY ROADS.",37,4709000000-E,ROADWAY ITEMS,"24""WIDE THERMO 90 MILS",,2682.0,LF,S T WOOTEN CORPORATION,13.0,34866.0,WAKE,12/19/2023,2957990.0,35.8031909,-78.5660852
C204909,"MILLING, RESURFACING, AND SHOULDER RECONSTRUCTION.","1 SECTION OF NC-55, AND16 SECTIONS OF SECONDARY ROADS.",37,4709000000-E,ROADWAY ITEMS,"24""WIDE THERMO 90 MILS",,2682.0,LF,CAROLINA SUNROCK LLC,13.0,34866.0,WAKE,12/19/2023,2974371.0,35.8031909,-78.5660852
C204909,"MILLING, RESURFACING, AND SHOULDER RECONSTRUCTION.","1 SECTION OF NC-55, AND16 SECTIONS OF SECONDARY ROADS.",37,4709000000-E,ROADWAY ITEMS,"24""WIDE THERMO 90 MILS",,2682.0,LF,BARNHILL CONTRACTING CO,13.0,34866.0,WAKE,12/19/2023,3169509.0,35.8031909,-78.5660852
C204909,"MILLING, RESURFACING, AND SHOULDER RECONSTRUCTION.","1 SECTION OF NC-55, AND16 SECTIONS OF SECONDARY ROADS.",37,4709000000-E,ROADWAY ITEMS,"24""WIDE THERMO 90 MILS",,2682.0,LF,BLYTHE CONSTRUCTION INC,13.0,34866.0,WAKE,12/19/2023,3599570.0,35.8031909,-78.5660852
C204909,"MILLING, RESURFACING, AND SHOULDER RECONSTRUCTION.","1 SECTION OF NC-55, AND16 SECTIONS OF SECONDARY ROADS.",38,4720000000-E,ROADWAY ITEMS,THERMO PVT MKG CHARACTER 90,,30.0,EA,FSC II LLC DBA FRED SMITH COMPANY,100.0,3000.0,WAKE,12/19/2023,2688337.0,35.8031909,-78.5660852
C204909,"MILLING, RESURFACING, AND SHOULDER RECONSTRUCTION.","1 SECTION OF NC-55, AND16 SECTIONS OF SECONDARY ROADS.",38,4720000000-E,ROADWAY ITEMS,THERMO PVT MKG CHARACTER 90,,30.0,EA,S T WOOTEN CORPORATION,100.0,3000.0,WAKE,12/19/2023,2957990.0,35.8031909,-78.5660852
C204909,"MILLING, RESURFACING, AND SHOULDER RECONSTRUCTION.","1 SECTION OF NC-55, AND16 SECTIONS OF SECONDARY ROADS.",38,4720000000-E,ROADWAY ITEMS,THERMO PVT MKG CHARACTER 90,,30.0,EA,CAROLINA SUNROCK LLC,100.0,3000.0,WAKE,12/19/2023,2974371.0,35.8031909,-78.5660852
C204909,"MILLING, RESURFACING, AND SHOULDER RECONSTRUCTION.","1 SECTION OF NC-55, AND16 SECTIONS OF SECONDARY ROADS.",38,4720000000-E,ROADWAY ITEMS,THERMO PVT MKG CHARACTER 90,,30.0,EA,BARNHILL CONTRACTING CO,100.0,3000.0,WAKE,12/19/2023,3169509.0,35.8031909,-78.5660852
C204909,"MILLING, RESURFACING, AND SHOULDER RECONSTRUCTION.","1 SECTION OF NC-55, AND16 SECTIONS OF SECONDARY ROADS.",38,4720000000-E,ROADWAY ITEMS,THERMO PVT MKG CHARACTER 90,,30.0,EA,BLYTHE CONSTRUCTION INC,100.0,3000.0,WAKE,12/19/2023,3599570.0,35.8031909,-78.5660852
C204909,"MILLING, RESURFACING, AND SHOULDER RECONSTRUCTION.","1 SECTION OF NC-55, AND16 SECTIONS OF SECONDARY ROADS.",39,4725000000-E,ROADWAY ITEMS,THERMO PVT SYMBOL 90MILS,,141.0,EA,FSC II LLC DBA FRED SMITH COMPANY,150.0,21150.0,WAKE,12/19/2023,2688337.0,35.8031909,-78.5660852
C204909,"MILLING, RESURFACING, AND SHOULDER RECONSTRUCTION.","1 SECTION OF NC-55, AND16 SECTIONS OF SECONDARY ROADS.",39,4725000000-E,ROADWAY ITEMS,THERMO PVT SYMBOL 90MILS,,141.0,EA,S T WOOTEN CORPORATION,150.0,21150.0,WAKE,12/19/2023,2957990.0,35.8031909,-78.5660852
C204909,"MILLING, RESURFACING, AND SHOULDER RECONSTRUCTION.","1 SECTION OF NC-55, AND16 SECTIONS OF SECONDARY ROADS.",39,4725000000-E,ROADWAY ITEMS,THERMO PVT SYMBOL 90MILS,,141.0,EA,CAROLINA SUNROCK LLC,150.0,21150.0,WAKE,12/19/2023,2974371.0,35.8031909,-78.5660852
C204909,"MILLING, RESURFACING, AND SHOULDER RECONSTRUCTION.","1 SECTION OF NC-55, AND16 SECTIONS OF SECONDARY ROADS.",39,4725000000-E,ROADWAY ITEMS,THERMO PVT SYMBOL 90MILS,,141.0,EA,BARNHILL CONTRACTING CO,150.0,21150.0,WAKE,12/19/2023,3169509.0,35.8031909,-78.5660852
C204909,"MILLING, RESURFACING, AND SHOULDER RECONSTRUCTION.","1 SECTION OF NC-55, AND16 SECTIONS OF SECONDARY ROADS.",39,4725000000-E,ROADWAY ITEMS,THERMO PVT SYMBOL 90MILS,,141.0,EA,BLYTHE CONSTRUCTION INC,150.0,21150.0,WAKE,12/19/2023,3599570.0,35.8031909,-78.5660852
C204909,"MILLING, RESURFACING, AND SHOULDER RECONSTRUCTION.","1 SECTION OF NC-55, AND16 SECTIONS OF SECONDARY ROADS.",40,4770000000-E,ROADWAY ITEMS,"4"" COLD APPL PLSTIC LINES TYPE **",(III),2440.0,LF,FSC II LLC DBA FRED SMITH COMPANY,3.75,9150.0,WAKE,12/19/2023,2688337.0,35.8031909,-78.5660852
C204909,"MILLING, RESURFACING, AND SHOULDER RECONSTRUCTION.","1 SECTION OF NC-55, AND16 SECTIONS OF SECONDARY ROADS.",40,4770000000-E,ROADWAY ITEMS,"4"" COLD APPL PLSTIC LINES TYPE **",(III),2440.0,LF,S T WOOTEN CORPORATION,3.75,9150.0,WAKE,12/19/2023,2957990.0,35.8031909,-78.5660852
C204909,"MILLING, RESURFACING, AND SHOULDER RECONSTRUCTION.","1 SECTION OF NC-55, AND16 SECTIONS OF SECONDARY ROADS.",40,4770000000-E,ROADWAY ITEMS,"4"" COLD APPL PLSTIC LINES TYPE **",(III),2440.0,LF,CAROLINA SUNROCK LLC,3.75,9150.0,WAKE,12/19/2023,2974371.0,35.8031909,-78.5660852
C204909,"MILLING, RESURFACING, AND SHOULDER RECONSTRUCTION.","1 SECTION OF NC-55, AND16 SECTIONS OF SECONDARY ROADS.",40,4770000000-E,ROADWAY ITEMS,"4"" COLD APPL PLSTIC LINES TYPE **",(III),2440.0,LF,BARNHILL CONTRACTING CO,3.75,9150.0,WAKE,12/19/2023,3169509.0,35.8031909,-78.5660852
C204909,"MILLING, RESURFACING, AND SHOULDER RECONSTRUCTION.","1 SECTION OF NC-55, AND16 SECTIONS OF SECONDARY ROADS.",40,4770000000-E,ROADWAY ITEMS,"4"" COLD APPL PLSTIC LINES TYPE **",(III),2440.0,LF,BLYTHE CONSTRUCTION INC,3.75,9150.0,WAKE,12/19/2023,3599570.0,35.8031909,-78.5660852
C204909,"MILLING, RESURFACING, AND SHOULDER RECONSTRUCTION.","1 SECTION OF NC-55, AND16 SECTIONS OF SECONDARY ROADS.",41,4810000000-E,ROADWAY ITEMS,"PAINT PVMT MARKINGS 4""",,8356.0,LF,FSC II LLC DBA FRED SMITH COMPANY,0.25,2089.0,WAKE,12/19/2023,2688337.0,35.8031909,-78.5660852
C204909,"MILLING, RESURFACING, AND SHOULDER RECONSTRUCTION.","1 SECTION OF NC-55, AND16 SECTIONS OF SECONDARY ROADS.",41,4810000000-E,ROADWAY ITEMS,"PAINT PVMT MARKINGS 4""",,8356.0,LF,S T WOOTEN CORPORATION,0.25,2089.0,WAKE,12/19/2023,2957990.0,35.8031909,-78.5660852
C204909,"MILLING, RESURFACING, AND SHOULDER RECONSTRUCTION.","1 SECTION OF NC-55, AND16 SECTIONS OF SECONDARY ROADS.",41,4810000000-E,ROADWAY ITEMS,"PAINT PVMT MARKINGS 4""",,8356.0,LF,CAROLINA SUNROCK LLC,0.25,2089.0,WAKE,12/19/2023,2974371.0,35.8031909,-78.5660852
C204909,"MILLING, RESURFACING, AND SHOULDER RECONSTRUCTION.","1 SECTION OF NC-55, AND16 SECTIONS OF SECONDARY ROADS.",41,4810000000-E,ROADWAY ITEMS,"PAINT PVMT MARKINGS 4""",,8356.0,LF,BARNHILL CONTRACTING CO,0.25,2089.0,WAKE,12/19/2023,3169509.0,35.8031909,-78.5660852
C204909,"MILLING, RESURFACING, AND SHOULDER RECONSTRUCTION.","1 SECTION OF NC-55, AND16 SECTIONS OF SECONDARY ROADS.",41,4810000000-E,ROADWAY ITEMS,"PAINT PVMT MARKINGS 4""",,8356.0,LF,BLYTHE CONSTRUCTION INC,0.25,2089.0,WAKE,12/19/2023,3599570.0,35.8031909,-78.5660852
C204909,"MILLING, RESURFACING, AND SHOULDER RECONSTRUCTION.","1 SECTION OF NC-55, AND16 SECTIONS OF SECONDARY ROADS.",42,4820000000-E,ROADWAY ITEMS,"PAINT PVMT MARKINGS 8""",,558.0,LF,FSC II LLC DBA FRED SMITH COMPANY,0.6,334.8,WAKE,12/19/2023,2688337.0,35.8031909,-78.5660852
C204909,"MILLING, RESURFACING, AND SHOULDER RECONSTRUCTION.","1 SECTION OF NC-55, AND16 SECTIONS OF SECONDARY ROADS.",42,4820000000-E,ROADWAY ITEMS,"PAINT PVMT MARKINGS 8""",,558.0,LF,S T WOOTEN CORPORATION,0.6,334.8,WAKE,12/19/2023,2957990.0,35.8031909,-78.5660852
C204909,"MILLING, RESURFACING, AND SHOULDER RECONSTRUCTION.","1 SECTION OF NC-55, AND16 SECTIONS OF SECONDARY ROADS.",42,4820000000-E,ROADWAY ITEMS,"PAINT PVMT MARKINGS 8""",,558.0,LF,CAROLINA SUNROCK LLC,0.6,334.8,WAKE,12/19/2023,2974371.0,35.8031909,-78.5660852
C204909,"MILLING, RESURFACING, AND SHOULDER RECONSTRUCTION.","1 SECTION OF NC-55, AND16 SECTIONS OF SECONDARY ROADS.",42,4820000000-E,ROADWAY ITEMS,"PAINT PVMT MARKINGS 8""",,558.0,LF,BARNHILL CONTRACTING CO,0.6,334.8,WAKE,12/19/2023,3169509.0,35.8031909,-78.5660852
C204909,"MILLING, RESURFACING, AND SHOULDER RECONSTRUCTION.","1 SECTION OF NC-55, AND16 SECTIONS OF SECONDARY ROADS.",42,4820000000-E,ROADWAY ITEMS,"PAINT PVMT MARKINGS 8""",,558.0,LF,BLYTHE CONSTRUCTION INC,0.6,334.8,WAKE,12/19/2023,3599570.0,35.8031909,-78.5660852
C204909,"MILLING, RESURFACING, AND SHOULDER RECONSTRUCTION.","1 SECTION OF NC-55, AND16 SECTIONS OF SECONDARY ROADS.",43,4825000000-E,ROADWAY ITEMS,"PAINT PVMT MARKINGS 12""",,247.0,LF,FSC II LLC DBA FRED SMITH COMPANY,1.75,432.25,WAKE,12/19/2023,2688337.0,35.8031909,-78.5660852
C204909,"MILLING, RESURFACING, AND SHOULDER RECONSTRUCTION.","1 SECTION OF NC-55, AND16 SECTIONS OF SECONDARY ROADS.",43,4825000000-E,ROADWAY ITEMS,"PAINT PVMT MARKINGS 12""",,247.0,LF,S T WOOTEN CORPORATION,1.75,432.25,WAKE,12/19/2023,2957990.0,35.8031909,-78.5660852
C204909,"MILLING, RESURFACING, AND SHOULDER RECONSTRUCTION.","1 SECTION OF NC-55, AND16 SECTIONS OF SECONDARY ROADS.",43,4825000000-E,ROADWAY ITEMS,"PAINT PVMT MARKINGS 12""",,247.0,LF,CAROLINA SUNROCK LLC,1.75,432.25,WAKE,12/19/2023,2974371.0,35.8031909,-78.5660852
C204909,"MILLING, RESURFACING, AND SHOULDER RECONSTRUCTION.","1 SECTION OF NC-55, AND16 SECTIONS OF SECONDARY ROADS.",43,4825000000-E,ROADWAY ITEMS,"PAINT PVMT MARKINGS 12""",,247.0,LF,BARNHILL CONTRACTING CO,1.75,432.25,WAKE,12/19/2023,3169509.0,35.8031909,-78.5660852
C204909,"MILLING, RESURFACING, AND SHOULDER RECONSTRUCTION.","1 SECTION OF NC-55, AND16 SECTIONS OF SECONDARY ROADS.",43,4825000000-E,ROADWAY ITEMS,"PAINT PVMT MARKINGS 12""",,247.0,LF,BLYTHE CONSTRUCTION INC,1.75,432.25,WAKE,12/19/2023,3599570.0,35.8031909,-78.5660852
C204909,"MILLING, RESURFACING, AND SHOULDER RECONSTRUCTION.","1 SECTION OF NC-55, AND16 SECTIONS OF SECONDARY ROADS.",44,4835000000-E,ROADWAY ITEMS,"PAINT PVT MKG LINES 24""",,271.0,LF,FSC II LLC DBA FRED SMITH COMPANY,5.0,1355.0,WAKE,12/19/2023,2688337.0,35.8031909,-78.5660852
C204909,"MILLING, RESURFACING, AND SHOULDER RECONSTRUCTION.","1 SECTION OF NC-55, AND16 SECTIONS OF SECONDARY ROADS.",44,4835000000-E,ROADWAY ITEMS,"PAINT PVT MKG LINES 24""",,271.0,LF,S T WOOTEN CORPORATION,5.0,1355.0,WAKE,12/19/2023,2957990.0,35.8031909,-78.5660852
C204909,"MILLING, RESURFACING, AND SHOULDER RECONSTRUCTION.","1 SECTION OF NC-55, AND16 SECTIONS OF SECONDARY ROADS.",44,4835000000-E,ROADWAY ITEMS,"PAINT PVT MKG LINES 24""",,271.0,LF,CAROLINA SUNROCK LLC,5.0,1355.0,WAKE,12/19/2023,2974371.0,35.8031909,-78.5660852
C204909,"MILLING, RESURFACING, AND SHOULDER RECONSTRUCTION.","1 SECTION OF NC-55, AND16 SECTIONS OF SECONDARY ROADS.",44,4835000000-E,ROADWAY ITEMS,"PAINT PVT MKG LINES 24""",,271.0,LF,BARNHILL CONTRACTING CO,5.0,1355.0,WAKE,12/19/2023,3169509.0,35.8031909,-78.5660852
C204909,"MILLING, RESURFACING, AND SHOULDER RECONSTRUCTION.","1 SECTION OF NC-55, AND16 SECTIONS OF SECONDARY ROADS.",44,4835000000-E,ROADWAY ITEMS,"PAINT PVT MKG LINES 24""",,271.0,LF,BLYTHE CONSTRUCTION INC,5.0,1355.0,WAKE,12/19/2023,3599570.0,35.8031909,-78.5660852
C204909,"MILLING, RESURFACING, AND SHOULDER RECONSTRUCTION.","1 SECTION OF NC-55, AND16 SECTIONS OF SECONDARY ROADS.",45,4845000000-N,ROADWAY ITEMS,PAINT PVT MKG SYMBOL,,24.0,EA,FSC II LLC DBA FRED SMITH COMPANY,60.0,1440.0,WAKE,12/19/2023,2688337.0,35.8031909,-78.5660852
C204909,"MILLING, RESURFACING, AND SHOULDER RECONSTRUCTION.","1 SECTION OF NC-55, AND16 SECTIONS OF SECONDARY ROADS.",45,4845000000-N,ROADWAY ITEMS,PAINT PVT MKG SYMBOL,,24.0,EA,S T WOOTEN CORPORATION,60.0,1440.0,WAKE,12/19/2023,2957990.0,35.8031909,-78.5660852
C204909,"MILLING, RESURFACING, AND SHOULDER RECONSTRUCTION.","1 SECTION OF NC-55, AND16 SECTIONS OF SECONDARY ROADS.",45,4845000000-N,ROADWAY ITEMS,PAINT PVT MKG SYMBOL,,24.0,EA,CAROLINA SUNROCK LLC,60.0,1440.0,WAKE,12/19/2023,2974371.0,35.8031909,-78.5660852
C204909,"MILLING, RESURFACING, AND SHOULDER RECONSTRUCTION.","1 SECTION OF NC-55, AND16 SECTIONS OF SECONDARY ROADS.",45,4845000000-N,ROADWAY ITEMS,PAINT PVT MKG SYMBOL,,24.0,EA,BARNHILL CONTRACTING CO,60.0,1440.0,WAKE,12/19/2023,3169509.0,35.8031909,-78.5660852
C204909,"MILLING, RESURFACING, AND SHOULDER RECONSTRUCTION.","1 SECTION OF NC-55, AND16 SECTIONS OF SECONDARY ROADS.",45,4845000000-N,ROADWAY ITEMS,PAINT PVT MKG SYMBOL,,24.0,EA,BLYTHE CONSTRUCTION INC,60.0,1440.0,WAKE,12/19/2023,3599570.0,35.8031909,-78.5660852
C204909,"MILLING, RESURFACING, AND SHOULDER RECONSTRUCTION.","1 SECTION OF NC-55, AND16 SECTIONS OF SECONDARY ROADS.",46,4850000000-E,ROADWAY ITEMS,"LINE REMOVAL 4"" WIDE",,2440.0,LF,FSC II LLC DBA FRED SMITH COMPANY,1.0,2440.0,WAKE,12/19/2023,2688337.0,35.8031909,-78.5660852
C204909,"MILLING, RESURFACING, AND SHOULDER RECONSTRUCTION.","1 SECTION OF NC-55, AND16 SECTIONS OF SECONDARY ROADS.",46,4850000000-E,ROADWAY ITEMS,"LINE REMOVAL 4"" WIDE",,2440.0,LF,S T WOOTEN CORPORATION,1.0,2440.0,WAKE,12/19/2023,2957990.0,35.8031909,-78.5660852
C204909,"MILLING, RESURFACING, AND SHOULDER RECONSTRUCTION.","1 SECTION OF NC-55, AND16 SECTIONS OF SECONDARY ROADS.",46,4850000000-E,ROADWAY ITEMS,"LINE REMOVAL 4"" WIDE",,2440.0,LF,CAROLINA SUNROCK LLC,1.0,2440.0,WAKE,12/19/2023,2974371.0,35.8031909,-78.5660852
C204909,"MILLING, RESURFACING, AND SHOULDER RECONSTRUCTION.","1 SECTION OF NC-55, AND16 SECTIONS OF SECONDARY ROADS.",46,4850000000-E,ROADWAY ITEMS,"LINE REMOVAL 4"" WIDE",,2440.0,LF,BARNHILL CONTRACTING CO,1.0,2440.0,WAKE,12/19/2023,3169509.0,35.8031909,-78.5660852
C204909,"MILLING, RESURFACING, AND SHOULDER RECONSTRUCTION.","1 SECTION OF NC-55, AND16 SECTIONS OF SECONDARY ROADS.",46,4850000000-E,ROADWAY ITEMS,"LINE REMOVAL 4"" WIDE",,2440.0,LF,BLYTHE CONSTRUCTION INC,1.0,2440.0,WAKE,12/19/2023,3599570.0,35.8031909,-78.5660852
C204909,"MILLING, RESURFACING, AND SHOULDER RECONSTRUCTION.","1 SECTION OF NC-55, AND16 SECTIONS OF SECONDARY ROADS.",47,4905100000-N,ROADWAY ITEMS,NON-CAST IRON SNOWPLB PVMT MRKER,,233.0,EA,FSC II LLC DBA FRED SMITH COMPANY,45.0,10485.0,WAKE,12/19/2023,2688337.0,35.8031909,-78.5660852
C204909,"MILLING, RESURFACING, AND SHOULDER RECONSTRUCTION.","1 SECTION OF NC-55, AND16 SECTIONS OF SECONDARY ROADS.",47,4905100000-N,ROADWAY ITEMS,NON-CAST IRON SNOWPLB PVMT MRKER,,233.0,EA,S T WOOTEN CORPORATION,45.0,10485.0,WAKE,12/19/2023,2957990.0,35.8031909,-78.5660852
C204909,"MILLING, RESURFACING, AND SHOULDER RECONSTRUCTION.","1 SECTION OF NC-55, AND16 SECTIONS OF SECONDARY ROADS.",47,4905100000-N,ROADWAY ITEMS,NON-CAST IRON SNOWPLB PVMT MRKER,,233.0,EA,CAROLINA SUNROCK LLC,45.0,10485.0,WAKE,12/19/2023,2974371.0,35.8031909,-78.5660852
C204909,"MILLING, RESURFACING, AND SHOULDER RECONSTRUCTION.","1 SECTION OF NC-55, AND16 SECTIONS OF SECONDARY ROADS.",47,4905100000-N,ROADWAY ITEMS,NON-CAST IRON SNOWPLB PVMT MRKER,,233.0,EA,BARNHILL CONTRACTING CO,45.0,10485.0,WAKE,12/19/2023,3169509.0,35.8031909,-78.5660852
C204909,"MILLING, RESURFACING, AND SHOULDER RECONSTRUCTION.","1 SECTION OF NC-55, AND16 SECTIONS OF SECONDARY ROADS.",47,4905100000-N,ROADWAY ITEMS,NON-CAST IRON SNOWPLB PVMT MRKER,,233.0,EA,BLYTHE CONSTRUCTION INC,45.0,10485.0,WAKE,12/19/2023,3599570.0,35.8031909,-78.5660852
C204909,"MILLING, RESURFACING, AND SHOULDER RECONSTRUCTION.","1 SECTION OF NC-55, AND16 SECTIONS OF SECONDARY ROADS.",48,7444000000-E,ROADWAY ITEMS,INDUCTIVE LOOP SAWCUT,,3882.0,LF,FSC II LLC DBA FRED SMITH COMPANY,10.5,40761.0,WAKE,12/19/2023,2688337.0,35.8031909,-78.5660852
C204909,"MILLING, RESURFACING, AND SHOULDER RECONSTRUCTION.","1 SECTION OF NC-55, AND16 SECTIONS OF SECONDARY ROADS.",48,7444000000-E,ROADWAY ITEMS,INDUCTIVE LOOP SAWCUT,,3882.0,LF,S T WOOTEN CORPORATION,10.5,40761.0,WAKE,12/19/2023,2957990.0,35.8031909,-78.5660852
C204909,"MILLING, RESURFACING, AND SHOULDER RECONSTRUCTION.","1 SECTION OF NC-55, AND16 SECTIONS OF SECONDARY ROADS.",48,7444000000-E,ROADWAY ITEMS,INDUCTIVE LOOP SAWCUT,,3882.0,LF,CAROLINA SUNROCK LLC,7.0,27174.0,WAKE,12/19/2023,2974371.0,35.8031909,-78.5660852
C204909,"MILLING, RESURFACING, AND SHOULDER RECONSTRUCTION.","1 SECTION OF NC-55, AND16 SECTIONS OF SECONDARY ROADS.",48,7444000000-E,ROADWAY ITEMS,INDUCTIVE LOOP SAWCUT,,3882.0,LF,BARNHILL CONTRACTING CO,10.0,38820.0,WAKE,12/19/2023,3169509.0,35.8031909,-78.5660852
C204909,"MILLING, RESURFACING, AND SHOULDER RECONSTRUCTION.","1 SECTION OF NC-55, AND16 SECTIONS OF SECONDARY ROADS.",48,7444000000-E,ROADWAY ITEMS,INDUCTIVE LOOP SAWCUT,,3882.0,LF,BLYTHE CONSTRUCTION INC,10.5,40761.0,WAKE,12/19/2023,3599570.0,35.8031909,-78.5660852
